--   UNIVERSITY MANAGEMENT SYSTEM (23 TABLES)

create database clg_management;
use clg_management;

--  1. DEPARTMENTS

CREATE TABLE departments (
    dept_id          INT PRIMARY KEY AUTO_INCREMENT,
    name             VARCHAR(100) NOT NULL,
    hod              VARCHAR(100),
    location         VARCHAR(50),
    phone            VARCHAR(15),
    established_year INT
);

INSERT INTO departments (name, hod, location, phone, established_year) VALUES
('Computer Science',         'Dr. Ramesh Kumar',     'Block A', '9841001001', 1985),
('Electronics Engineering',  'Dr. Priya Nair',       'Block B', '9841001002', 1988),
('Mechanical Engineering',   'Dr. Arjun Sharma',     'Block C', '9841001003', 1980),
('Civil Engineering',        'Dr. Meena Iyer',       'Block D', '9841001004', 1978),
('Mathematics',              'Dr. Suresh Pillai',    'Block E', '9841001005', 1975),
('Physics',                  'Dr. Lakshmi Venkat',   'Block F', '9841001006', 1975),
('Chemistry',                'Dr. Vijay Menon',      'Block G', '9841001007', 1976),
('Business Administration',  'Dr. Anita Bose',       'Block H', '9841001008', 1995),
('Biotechnology',            'Dr. Kiran Reddy',      'Block I', '9841001009', 2002),
('Information Technology',   'Dr. Sanjay Gupta',     'Block J', '9841001010', 2000);

--  2. FACULTY

CREATE TABLE faculty (
    faculty_id   INT PRIMARY KEY AUTO_INCREMENT,
    name         VARCHAR(100) NOT NULL,
    dept_id      INT NOT NULL,
    designation  VARCHAR(50),
    email        VARCHAR(100) UNIQUE,
    phone        VARCHAR(15),
    joining_date DATE,
    salary       DECIMAL(10,2),
    FOREIGN KEY (dept_id) REFERENCES departments(dept_id)
);

INSERT INTO faculty (name, dept_id, designation, email, phone, joining_date, salary) VALUES
('Dr. Ramesh Kumar',       1, 'Professor',            'ramesh.kumar@uni.edu',       '9841002001', '2005-07-01', 95000),
('Dr. Priya Nair',         2, 'Professor',            'priya.nair@uni.edu',         '9841002002', '2006-06-15', 92000),
('Dr. Arjun Sharma',       3, 'Professor',            'arjun.sharma@uni.edu',       '9841002003', '2004-08-01', 93000),
('Dr. Meena Iyer',         4, 'Professor',            'meena.iyer@uni.edu',         '9841002004', '2003-07-10', 91000),
('Dr. Suresh Pillai',      5, 'Professor',            'suresh.pillai@uni.edu',      '9841002005', '2002-06-20', 90000),
('Dr. Lakshmi Venkat',     6, 'Professor',            'lakshmi.venkat@uni.edu',     '9841002006', '2001-07-01', 89000),
('Dr. Vijay Menon',        7, 'Professor',            'vijay.menon@uni.edu',        '9841002007', '2000-08-15', 88000),
('Dr. Anita Bose',         8, 'Professor',            'anita.bose@uni.edu',         '9841002008', '2007-06-01', 94000),
('Dr. Kiran Reddy',        9, 'Professor',            'kiran.reddy@uni.edu',        '9841002009', '2008-07-20', 87000),
('Dr. Sanjay Gupta',      10, 'Professor',            'sanjay.gupta@uni.edu',       '9841002010', '2006-08-01', 91000),
('Ms. Kavya Reddy',        1, 'Assistant Professor',  'kavya.reddy@uni.edu',        '9841002011', '2015-07-01', 62000),
('Mr. Arun Krishnan',      1, 'Assistant Professor',  'arun.krishnan@uni.edu',      '9841002012', '2016-06-15', 60000),
('Ms. Deepa Pillai',       2, 'Associate Professor',  'deepa.pillai@uni.edu',       '9841002013', '2010-07-01', 78000),
('Mr. Sunil Rajan',        2, 'Assistant Professor',  'sunil.rajan@uni.edu',        '9841002014', '2017-08-01', 61000),
('Dr. Geetha Menon',       3, 'Associate Professor',  'geetha.menon@uni.edu',       '9841002015', '2011-06-20', 77000),
('Mr. Balu Iyer',          3, 'Assistant Professor',  'balu.iyer@uni.edu',          '9841002016', '2018-07-15', 59000),
('Ms. Nisha Thomas',       4, 'Assistant Professor',  'nisha.thomas@uni.edu',       '9841002017', '2016-08-01', 60000),
('Dr. Venkat Subbu',       4, 'Associate Professor',  'venkat.subbu@uni.edu',       '9841002018', '2012-06-10', 76000),
('Ms. Radha Gopalan',      5, 'Assistant Professor',  'radha.gopalan@uni.edu',      '9841002019', '2019-07-01', 58000),
('Mr. Mohan Das',          5, 'Assistant Professor',  'mohan.das@uni.edu',          '9841002020', '2018-08-15', 59000),
('Dr. Saranya Ravi',       6, 'Associate Professor',  'saranya.ravi@uni.edu',       '9841002021', '2013-07-01', 75000),
('Mr. Ganesh Prabhu',      6, 'Assistant Professor',  'ganesh.prabhu@uni.edu',      '9841002022', '2020-06-15', 57000),
('Ms. Suma Krishnamurthy', 7, 'Assistant Professor',  'suma.k@uni.edu',             '9841002023', '2017-07-20', 60000),
('Dr. Prakash Rao',        7, 'Associate Professor',  'prakash.rao@uni.edu',        '9841002024', '2009-08-01', 79000),
('Ms. Divya Samuel',       8, 'Assistant Professor',  'divya.samuel@uni.edu',       '9841002025', '2019-06-01', 62000),
('Mr. Rajesh Nambiar',     8, 'Assistant Professor',  'rajesh.nambiar@uni.edu',     '9841002026', '2018-07-01', 61000),
('Dr. Padma Subramaniam',  9, 'Associate Professor',  'padma.subra@uni.edu',        '9841002027', '2014-08-10', 74000),
('Ms. Preethi Balaji',     9, 'Assistant Professor',  'preethi.balaji@uni.edu',     '9841002028', '2020-07-01', 58000),
('Mr. Dinesh Kumar',      10, 'Assistant Professor',  'dinesh.kumar@uni.edu',       '9841002029', '2019-08-15', 60000),
('Dr. Kamala Devi',       10, 'Associate Professor',  'kamala.devi@uni.edu',        '9841002030', '2010-06-20', 77000),
('Mr. Ashwin Prasad',      1, 'Assistant Professor',  'ashwin.prasad@uni.edu',      '9841002031', '2021-07-01', 56000),
('Ms. Bhuvana Chandran',   2, 'Assistant Professor',  'bhuvana.chandran@uni.edu',   '9841002032', '2021-06-15', 56000),
('Mr. Clement Xavier',     3, 'Assistant Professor',  'clement.xavier@uni.edu',     '9841002033', '2022-07-01', 55000),
('Ms. Dhanya Raj',         4, 'Assistant Professor',  'dhanya.raj@uni.edu',         '9841002034', '2022-06-10', 55000),
('Mr. Ezhil Selvan',       5, 'Assistant Professor',  'ezhil.selvan@uni.edu',       '9841002035', '2021-08-01', 56000),
('Ms. Fathima Begum',      6, 'Assistant Professor',  'fathima.begum@uni.edu',      '9841002036', '2020-07-15', 57000),
('Mr. Gopal Venkatesan',   7, 'Assistant Professor',  'gopal.venkatesan@uni.edu',   '9841002037', '2019-06-01', 59000),
('Ms. Hema Sundaram',      8, 'Assistant Professor',  'hema.sundaram@uni.edu',      '9841002038', '2021-07-20', 61000),
('Mr. Iyappan Murugan',    9, 'Assistant Professor',  'iyappan.murugan@uni.edu',    '9841002039', '2022-08-01', 55000),
('Ms. Janaki Balasubramaniam', 10, 'Assistant Professor', 'janaki.bala@uni.edu',    '9841002040', '2020-06-01', 58000),
('Dr. Karthi Selvam',      1, 'Associate Professor',  'karthi.selvam@uni.edu',      '9841002041', '2013-07-01', 76000),
('Ms. Lavanya Natarajan',  2, 'Assistant Professor',  'lavanya.nat@uni.edu',        '9841002042', '2018-06-15', 60000),
('Mr. Mani Shankar',       3, 'Assistant Professor',  'mani.shankar@uni.edu',       '9841002043', '2017-08-01', 61000),
('Ms. Nandini Krishnan',   4, 'Assistant Professor',  'nandini.krishnan@uni.edu',   '9841002044', '2016-07-01', 60000),
('Mr. Om Prakash',         5, 'Associate Professor',  'om.prakash@uni.edu',         '9841002045', '2011-08-15', 75000),
('Ms. Parvathy Suresh',    6, 'Assistant Professor',  'parvathy.suresh@uni.edu',    '9841002046', '2019-06-20', 58000),
('Mr. Qasim Ali',          7, 'Assistant Professor',  'qasim.ali@uni.edu',          '9841002047', '2020-07-01', 57000),
('Ms. Revathi Balakumar',  8, 'Associate Professor',  'revathi.bala@uni.edu',       '9841002048', '2012-08-01', 77000),
('Mr. Senthil Nathan',     9, 'Assistant Professor',  'senthil.nathan@uni.edu',     '9841002049', '2021-06-15', 56000),
('Ms. Thenmozhi Arumugam', 10,'Assistant Professor',  'thenmozhi.a@uni.edu',        '9841002050', '2022-07-20', 55000),
('Dr. Udhaya Kumar',       1, 'Professor',            'udhaya.kumar@uni.edu',       '9841002051', '2003-08-01', 96000),
('Ms. Vanitha Rajan',      2, 'Assistant Professor',  'vanitha.rajan@uni.edu',      '9841002052', '2020-06-01', 58000),
('Mr. Winslow Fernandez',  3, 'Assistant Professor',  'winslow.f@uni.edu',          '9841002053', '2021-07-15', 57000),
('Ms. Yamuna Krishnamoorthy', 4, 'Associate Professor','yamuna.k@uni.edu',          '9841002054', '2013-08-01', 74000),
('Mr. Zubair Ahmed',       5, 'Assistant Professor',  'zubair.ahmed@uni.edu',       '9841002055', '2019-06-10', 59000),
('Dr. Anand Balaji',       6, 'Associate Professor',  'anand.balaji@uni.edu',       '9841002056', '2014-07-01', 73000),
('Ms. Brindha Murugesan',  7, 'Assistant Professor',  'brindha.m@uni.edu',          '9841002057', '2022-08-15', 55000),
('Mr. Chandru Sekar',      8, 'Assistant Professor',  'chandru.sekar@uni.edu',      '9841002058', '2020-07-01', 60000),
('Ms. Devi Arunachalam',   9, 'Assistant Professor',  'devi.arunachalam@uni.edu',   '9841002059', '2021-06-01', 57000),
('Mr. Elan Chezhian',     10, 'Associate Professor',  'elan.chezhian@uni.edu',      '9841002060', '2015-08-01', 72000);

--  3. COURSES

CREATE TABLE courses (
    course_id    INT PRIMARY KEY AUTO_INCREMENT,
    title        VARCHAR(100) NOT NULL,
    code         VARCHAR(10)  UNIQUE NOT NULL,
    dept_id      INT NOT NULL,
    faculty_id   INT,
    credits      INT NOT NULL DEFAULT 3,
    semester     VARCHAR(10),
    max_students INT DEFAULT 60,
    FOREIGN KEY (dept_id)   REFERENCES departments(dept_id),
    FOREIGN KEY (faculty_id) REFERENCES faculty(faculty_id)
);

INSERT INTO courses (title, code, dept_id, faculty_id, credits, semester, max_students) VALUES
('Data Structures',                'CS201', 1, 11, 4, 'ODD',  65),
('Database Management Systems',    'CS301', 1, 12, 4, 'ODD',  65),
('Operating Systems',              'CS302', 1,  1, 3, 'EVEN', 65),
('Computer Networks',              'CS401', 1, 41, 3, 'ODD',  60),
('Software Engineering',           'CS402', 1, 51, 3, 'EVEN', 60),
('Machine Learning',               'CS501', 1, 11, 4, 'ODD',  50),
('Web Technologies',               'CS502', 1, 12, 3, 'EVEN', 65),
('Compiler Design',                'CS601', 1,  1, 4, 'ODD',  55),
('Artificial Intelligence',        'CS602', 1, 41, 4, 'EVEN', 50),
('Cloud Computing',                'CS701', 1, 51, 3, 'ODD',  60),
('Circuit Theory',                 'EC201', 2, 13, 4, 'ODD',  65),
('Digital Electronics',            'EC301', 2, 14, 4, 'EVEN', 65),
('Signals and Systems',            'EC302', 2,  2, 3, 'ODD',  60),
('VLSI Design',                    'EC401', 2, 42, 3, 'EVEN', 55),
('Embedded Systems',               'EC402', 2, 52, 3, 'ODD',  60),
('Microprocessors',                'EC501', 2, 13, 4, 'EVEN', 65),
('Communication Systems',          'EC502', 2, 14, 3, 'ODD',  60),
('Antenna Design',                 'EC601', 2,  2, 3, 'EVEN', 50),
('Thermodynamics',                 'ME201', 3, 15, 3, 'ODD',  65),
('Fluid Mechanics',                'ME301', 3, 16, 4, 'EVEN', 65),
('Manufacturing Technology',       'ME302', 3,  3, 3, 'ODD',  60),
('Machine Design',                 'ME401', 3, 43, 4, 'EVEN', 55),
('Heat Transfer',                  'ME402', 3, 53, 3, 'ODD',  60),
('CAD/CAM',                        'ME501', 3, 15, 3, 'EVEN', 55),
('Structural Analysis',            'CE201', 4, 17, 4, 'ODD',  65),
('Geotechnical Engineering',       'CE301', 4, 18, 4, 'EVEN', 65),
('Transportation Engineering',     'CE302', 4,  4, 3, 'ODD',  60),
('Environmental Engineering',      'CE401', 4, 44, 3, 'EVEN', 60),
('Hydraulics',                     'CE402', 4, 54, 4, 'ODD',  65),
('Discrete Mathematics',           'MA201', 5, 19, 3, 'ODD',  70),
('Linear Algebra',                 'MA301', 5, 20, 4, 'EVEN', 70),
('Calculus',                       'MA101', 5, 45, 4, 'ODD',  75),
('Probability & Statistics',       'MA401', 5, 55, 3, 'EVEN', 70),
('Numerical Methods',              'MA501', 5, 19, 3, 'ODD',  65),
('Mechanics',                      'PH201', 6, 21, 3, 'ODD',  70),
('Optics',                         'PH301', 6, 22, 3, 'EVEN', 65),
('Quantum Physics',                'PH401', 6, 46, 4, 'ODD',  60),
('Thermodynamics (Physics)',        'PH501', 6, 56, 3, 'EVEN', 65),
('Organic Chemistry',              'CH201', 7, 23, 3, 'ODD',  65),
('Inorganic Chemistry',            'CH301', 7, 24, 3, 'EVEN', 65),
('Physical Chemistry',             'CH401', 7, 47, 4, 'ODD',  60),
('Analytical Chemistry',           'CH501', 7, 57, 3, 'EVEN', 60),
('Principles of Management',       'BA201', 8, 25, 3, 'ODD',  70),
('Financial Accounting',           'BA301', 8, 26, 4, 'EVEN', 70),
('Marketing Management',           'BA401', 8, 48, 3, 'ODD',  70),
('Human Resource Management',      'BA501', 8, 58, 3, 'EVEN', 65),
('Operations Research',            'BA601', 8, 25, 4, 'ODD',  65),
('Molecular Biology',              'BT201', 9, 27, 4, 'ODD',  55),
('Biochemistry',                   'BT301', 9, 28, 4, 'EVEN', 55),
('Genetics',                       'BT401', 9, 49, 3, 'ODD',  55),
('Bioinformatics',                 'BT501', 9, 59, 3, 'EVEN', 50),
('Python Programming',             'IT201', 10, 29, 4, 'ODD',  65),
('Data Science',                   'IT301', 10, 30, 4, 'EVEN', 65),
('Cyber Security',                 'IT401', 10, 50, 3, 'ODD',  60),
('Internet of Things',             'IT501', 10, 60, 3, 'EVEN', 60),
('Big Data Analytics',             'IT601', 10, 29, 4, 'ODD',  55),
('DevOps',                         'IT701', 10, 30, 3, 'EVEN', 55),
('Network Administration',         'IT801', 10, 50, 3, 'ODD',  60),
('Mobile App Development',         'CS801', 1, 11, 3, 'EVEN', 55),
('Blockchain Technology',          'CS901', 1, 12, 3, 'ODD',  50);

--  4. STUDENTS

CREATE TABLE students (
    student_id    INT PRIMARY KEY AUTO_INCREMENT,
    name          VARCHAR(100) NOT NULL,
    dept_id       INT NOT NULL,
    year          INT NOT NULL CHECK (year BETWEEN 1 AND 4),
    email         VARCHAR(100) UNIQUE,
    phone         VARCHAR(15),
    dob           DATE,
    gender        CHAR(1) CHECK (gender IN ('M','F','O')),
    cgpa          DECIMAL(3,2) DEFAULT 0.00,
    admitted_year INT,
    address       VARCHAR(200),
    FOREIGN KEY (dept_id) REFERENCES departments(dept_id)
);

INSERT INTO students (name, dept_id, year, email, phone, dob, gender, cgpa, admitted_year, address) VALUES
('Aditya Rajan',          1, 2, 's001@uni.edu', '9500001001', '2004-05-12', 'M', 8.75, 2023, 'Chennai'),
('Sneha Patel',           1, 3, 's002@uni.edu', '9500001002', '2003-09-22', 'F', 9.10, 2022, 'Coimbatore'),
('Rahul Nair',            2, 1, 's003@uni.edu', '9500001003', '2005-03-14', 'M', 7.80, 2024, 'Kochi'),
('Divya Krishnan',        1, 4, 's004@uni.edu', '9500001004', '2002-11-30', 'F', 8.45, 2021, 'Madurai'),
('Karthik Iyer',          3, 2, 's005@uni.edu', '9500001005', '2004-07-19', 'M', 7.20, 2023, 'Salem'),
('Meghna Subramanian',    1, 3, 's006@uni.edu', '9500001006', '2003-01-05', 'F', 9.40, 2022, 'Trichy'),
('Arjun Das',             2, 2, 's007@uni.edu', '9500001007', '2004-08-25', 'M', 8.00, 2023, 'Kolkata'),
('Lakshmi Venkat',        4, 1, 's008@uni.edu', '9500001008', '2005-04-18', 'F', 8.90, 2024, 'Tirunelveli'),
('Vijay Kumar',           10,3, 's009@uni.edu', '9500001009', '2003-12-09', 'M', 7.65, 2022, 'Bangalore'),
('Priya Sharma',          8, 2, 's010@uni.edu', '9500001010', '2004-06-27', 'F', 8.30, 2023, 'Delhi'),
('Rohan Mehta',           1, 1, 's011@uni.edu', '9500001011', '2005-02-14', 'M', 7.90, 2024, 'Mumbai'),
('Ananya Singh',          9, 3, 's012@uni.edu', '9500001012', '2003-10-31', 'F', 8.60, 2022, 'Pune'),
('Siddharth Rao',         5, 2, 's013@uni.edu', '9500001013', '2004-03-21', 'M', 9.00, 2023, 'Hyderabad'),
('Keerthi Balasubramanian',2,4, 's014@uni.edu', '9500001014', '2002-07-16', 'F', 7.50, 2021, 'Chennai'),
('Naveen Chandrasekaran', 3, 1, 's015@uni.edu', '9500001015', '2005-09-08', 'M', 8.20, 2024, 'Erode'),
('Pooja Ramachandran',    6, 3, 's016@uni.edu', '9500001016', '2003-05-30', 'F', 8.80, 2022, 'Vellore'),
('Manoj Thangamuthu',     7, 2, 's017@uni.edu', '9500001017', '2004-11-11', 'M', 7.40, 2023, 'Thoothukudi'),
('Sharanya Ganesan',      1, 4, 's018@uni.edu', '9500001018', '2002-08-03', 'F', 9.20, 2021, 'Coimbatore'),
('Dinesh Murugesan',      4, 2, 's019@uni.edu', '9500001019', '2004-01-17', 'M', 7.70, 2023, 'Madurai'),
('Kavitha Subramaniam',   10,1, 's020@uni.edu', '9500001020', '2005-06-22', 'F', 8.15, 2024, 'Chennai'),
('Aakash Pandey',         1, 3, 's021@uni.edu', '9500001021', '2003-04-04', 'M', 8.55, 2022, 'Varanasi'),
('Bhavana Pillai',        2, 2, 's022@uni.edu', '9500001022', '2004-10-29', 'F', 7.85, 2023, 'Thiruvananthapuram'),
('Chetan Joshi',          5, 1, 's023@uni.edu', '9500001023', '2005-08-13', 'M', 8.40, 2024, 'Jaipur'),
('Devi Selvakumar',       9, 4, 's024@uni.edu', '9500001024', '2002-02-28', 'F', 8.70, 2021, 'Tirupur'),
('Elan Murugan',          3, 3, 's025@uni.edu', '9500001025', '2003-07-07', 'M', 7.30, 2022, 'Salem'),
('Fiona D''Cruz',         8, 2, 's026@uni.edu', '9500001026', '2004-12-19', 'F', 8.95, 2023, 'Goa'),
('Ganesh Karthikeyan',    1, 1, 's027@uni.edu', '9500001027', '2005-03-25', 'M', 7.60, 2024, 'Karur'),
('Hema Jayakumar',        6, 4, 's028@uni.edu', '9500001028', '2002-09-14', 'F', 9.05, 2021, 'Villupuram'),
('Iyappan Durai',         4, 2, 's029@uni.edu', '9500001029', '2004-05-01', 'M', 7.55, 2023, 'Sivaganga'),
('Janani Sundaresan',     10,3, 's030@uni.edu', '9500001030', '2003-11-08', 'F', 8.25, 2022, 'Kanchipuram'),
('Kiran Bose',            7, 1, 's031@uni.edu', '9500001031', '2005-01-20', 'M', 7.95, 2024, 'Asansol'),
('Lavanya Raghunathan',   2, 4, 's032@uni.edu', '9500001032', '2002-06-06', 'F', 8.65, 2021, 'Palakkad'),
('Manikandan Arumugam',   3, 2, 's033@uni.edu', '9500001033', '2004-09-17', 'M', 7.10, 2023, 'Namakkal'),
('Nithya Govindarajan',   1, 3, 's034@uni.edu', '9500001034', '2003-03-12', 'F', 9.30, 2022, 'Krishnagiri'),
('Om Shiva Shankar',      5, 1, 's035@uni.edu', '9500001035', '2005-07-28', 'M', 8.10, 2024, 'Dharmapuri'),
('Pavithra Anbazhagan',   9, 2, 's036@uni.edu', '9500001036', '2004-02-03', 'F', 8.50, 2023, 'Perambalur'),
('Qamruddin Sheikh',      8, 4, 's037@uni.edu', '9500001037', '2002-12-25', 'M', 7.75, 2021, 'Lucknow'),
('Ranjani Kalyanasundaram',6,3, 's038@uni.edu', '9500001038', '2003-08-18', 'F', 8.85, 2022, 'Cuddalore'),
('Sathish Velayutham',    4, 1, 's039@uni.edu', '9500001039', '2005-04-11', 'M', 7.45, 2024, 'Thanjavur'),
('Tamilselvi Natarajan',  10,2, 's040@uni.edu', '9500001040', '2004-10-05', 'F', 8.00, 2023, 'Nagapattinam'),
('Umesh Balakrishnan',    1, 4, 's041@uni.edu', '9500001041', '2002-06-14', 'M', 8.90, 2021, 'Tiruvarur'),
('Vaishnavi Ramasubramanian',2,2,'s042@uni.edu','9500001042', '2004-01-30', 'F', 7.65, 2023, 'Mayiladuthurai'),
('Waqas Hussain',         7, 1, 's043@uni.edu', '9500001043', '2005-09-23', 'M', 8.35, 2024, 'Ranipet'),
('Yamini Krishnamurthy',  3, 3, 's044@uni.edu', '9500001044', '2003-05-09', 'F', 7.80, 2022, 'Tirupattur'),
('Zaid Farhan',           5, 2, 's045@uni.edu', '9500001045', '2004-11-15', 'M', 9.15, 2023, 'Vellore'),
('Anbu Chelvan',          9, 4, 's046@uni.edu', '9500001046', '2002-03-22', 'M', 8.45, 2021, 'Chengalpattu'),
('Brindha Elangovan',     1, 1, 's047@uni.edu', '9500001047', '2005-08-07', 'F', 7.20, 2024, 'Kallakurichi'),
('Chandrakumar Pillai',   8, 3, 's048@uni.edu', '9500001048', '2003-12-31', 'M', 8.60, 2022, 'Tenkasi'),
('Deepika Thirumaran',    4, 2, 's049@uni.edu', '9500001049', '2004-04-26', 'F', 7.95, 2023, 'Ramanathapuram'),
('Elango Palanivel',      10,1, 's050@uni.edu', '9500001050', '2005-10-10', 'M', 8.70, 2024, 'Sivakasi'),
('Falguni Patel',         6, 4, 's051@uni.edu', '9500001051', '2002-07-04', 'F', 9.00, 2021, 'Ahmedabad'),
('Gokulakrishnan Selvam', 2, 2, 's052@uni.edu', '9500001052', '2004-02-17', 'M', 7.55, 2023, 'Virudhunagar'),
('Harini Balaji',         7, 3, 's053@uni.edu', '9500001053', '2003-06-28', 'F', 8.20, 2022, 'Ariyalur'),
('Ilayaraja Muthu',       3, 1, 's054@uni.edu', '9500001054', '2005-11-14', 'M', 7.40, 2024, 'Pudukkottai'),
('Jeyalakshmi Rajan',     5, 4, 's055@uni.edu', '9500001055', '2002-08-20', 'F', 8.80, 2021, 'Tiruchirapalli'),
('Kannan Suresh',         9, 2, 's056@uni.edu', '9500001056', '2004-03-09', 'M', 7.85, 2023, 'Karaikudi'),
('Lekha Mohan',           1, 3, 's057@uni.edu', '9500001057', '2003-09-01', 'F', 9.25, 2022, 'Paramakudi'),
('Murali Manohar',        8, 1, 's058@uni.edu', '9500001058', '2005-05-17', 'M', 8.05, 2024, 'Puducherry'),
('Nandhini Velusamy',     10,4, 's059@uni.edu', '9500001059', '2002-01-11', 'F', 8.40, 2021, 'Kumbakonam'),
('Ojas Thakkar',          6, 2, 's060@uni.edu', '9500001060', '2004-07-23', 'M', 7.70, 2023, 'Surat');

--  5. ENROLLMENTS

CREATE TABLE enrollments (
    enroll_id   INT PRIMARY KEY AUTO_INCREMENT,
    student_id  INT NOT NULL,
    course_id   INT NOT NULL,
    semester    VARCHAR(10) NOT NULL,
    enrolled_on DATE NOT NULL DEFAULT (CURRENT_DATE),
    status      VARCHAR(10) DEFAULT 'Active' CHECK (status IN ('Active','Dropped')),
    UNIQUE (student_id, course_id, semester),
    FOREIGN KEY (student_id) REFERENCES students(student_id),
    FOREIGN KEY (course_id)  REFERENCES courses(course_id)
);

INSERT INTO enrollments (student_id, course_id, semester, enrolled_on, status) VALUES
(1, 1,'2024-ODD','2024-07-15','Active'),(1, 2,'2024-ODD','2024-07-15','Active'),
(2, 2,'2024-ODD','2024-07-14','Active'),(2, 6,'2024-ODD','2024-07-14','Active'),
(3,11,'2024-ODD','2024-07-16','Active'),(3,12,'2024-ODD','2024-07-16','Active'),
(4, 3,'2024-EVEN','2024-01-10','Active'),(4, 5,'2024-EVEN','2024-01-10','Active'),
(5,19,'2024-ODD','2024-07-15','Active'),(5,20,'2024-ODD','2024-07-15','Active'),
(6, 1,'2024-ODD','2024-07-13','Active'),(6, 6,'2024-ODD','2024-07-13','Active'),
(7,11,'2024-ODD','2024-07-16','Active'),(7,16,'2024-ODD','2024-07-16','Active'),
(8,25,'2024-ODD','2024-07-15','Active'),(8,29,'2024-ODD','2024-07-15','Active'),
(9,52,'2024-ODD','2024-07-14','Active'),(9,53,'2024-ODD','2024-07-14','Active'),
(10,43,'2024-ODD','2024-07-15','Active'),(10,45,'2024-ODD','2024-07-15','Active'),
(11, 1,'2024-ODD','2024-07-16','Active'),(11, 4,'2024-ODD','2024-07-16','Active'),
(12,48,'2024-ODD','2024-07-14','Active'),(12,49,'2024-ODD','2024-07-14','Active'),
(13,30,'2024-ODD','2024-07-15','Active'),(13,34,'2024-ODD','2024-07-15','Active'),
(14,11,'2024-ODD','2024-07-13','Active'),(14,15,'2024-ODD','2024-07-13','Active'),
(15,19,'2024-ODD','2024-07-16','Active'),(15,23,'2024-ODD','2024-07-16','Active'),
(16,35,'2024-ODD','2024-07-15','Active'),(16,37,'2024-ODD','2024-07-15','Active'),
(17,39,'2024-ODD','2024-07-14','Active'),(17,41,'2024-ODD','2024-07-14','Active'),
(18, 2,'2024-ODD','2024-07-13','Active'),(18, 8,'2024-ODD','2024-07-13','Active'),
(19,25,'2024-ODD','2024-07-15','Active'),(19,28,'2024-ODD','2024-07-15','Active'),
(20,52,'2024-ODD','2024-07-16','Active'),(20,55,'2024-ODD','2024-07-16','Active'),
(21, 1,'2024-ODD','2024-07-14','Active'),(21, 9,'2024-ODD','2024-07-14','Active'),
(22,13,'2024-ODD','2024-07-15','Active'),(22,16,'2024-ODD','2024-07-15','Active'),
(23,30,'2024-ODD','2024-07-16','Active'),(23,32,'2024-ODD','2024-07-16','Active'),
(24,48,'2024-ODD','2024-07-13','Active'),(24,51,'2024-ODD','2024-07-13','Active'),
(25,21,'2024-ODD','2024-07-15','Active'),(25,22,'2024-ODD','2024-07-15','Active'),
(26,43,'2024-ODD','2024-07-14','Active'),(26,47,'2024-ODD','2024-07-14','Active'),
(27, 1,'2024-ODD','2024-07-16','Active'),(27, 7,'2024-ODD','2024-07-16','Active'),
(28,36,'2024-ODD','2024-07-15','Active'),(28,38,'2024-ODD','2024-07-15','Active'),
(29,25,'2024-ODD','2024-07-13','Active'),(29,27,'2024-ODD','2024-07-13','Active'),
(30,54,'2024-ODD','2024-07-14','Active'),(30,57,'2024-ODD','2024-07-14','Active');

--  6. EXAMS

CREATE TABLE exams (
    exam_id       INT PRIMARY KEY AUTO_INCREMENT,
    course_id     INT NOT NULL,
    exam_date     DATE NOT NULL,
    type          VARCHAR(20) NOT NULL CHECK (type IN ('Internal','Midterm','Final')),
    max_marks     INT NOT NULL DEFAULT 100,
    duration_mins INT DEFAULT 180,
    hall          VARCHAR(30),
    FOREIGN KEY (course_id) REFERENCES courses(course_id)
);

INSERT INTO exams (course_id, exam_date, type, max_marks, duration_mins, hall) VALUES
(1,'2024-08-20','Internal',50,90,'Hall A'),(1,'2024-09-25','Midterm',100,180,'Hall A'),
(1,'2024-11-10','Final',100,180,'Hall A'),(2,'2024-08-22','Internal',50,90,'Hall B'),
(2,'2024-09-27','Midterm',100,180,'Hall B'),(2,'2024-11-12','Final',100,180,'Hall B'),
(3,'2024-02-18','Internal',50,90,'Hall C'),(3,'2024-03-20','Midterm',100,180,'Hall C'),
(3,'2024-05-15','Final',100,180,'Hall C'),(4,'2024-08-21','Internal',50,90,'Hall D'),
(4,'2024-09-26','Midterm',100,180,'Hall D'),(4,'2024-11-11','Final',100,180,'Hall D'),
(5,'2024-02-19','Internal',50,90,'Hall E'),(5,'2024-03-21','Midterm',100,180,'Hall E'),
(5,'2024-05-16','Final',100,180,'Hall E'),(6,'2024-08-23','Internal',50,90,'Hall A'),
(6,'2024-09-28','Midterm',100,180,'Hall A'),(6,'2024-11-13','Final',100,180,'Hall A'),
(11,'2024-08-20','Internal',50,90,'Hall B'),(11,'2024-09-25','Midterm',100,180,'Hall B'),
(11,'2024-11-10','Final',100,180,'Hall B'),(12,'2024-02-18','Internal',50,90,'Hall C'),
(12,'2024-03-20','Midterm',100,180,'Hall C'),(12,'2024-05-15','Final',100,180,'Hall C'),
(19,'2024-08-21','Internal',50,90,'Hall D'),(19,'2024-09-26','Midterm',100,180,'Hall D'),
(19,'2024-11-11','Final',100,180,'Hall D'),(25,'2024-08-22','Internal',50,90,'Hall E'),
(25,'2024-09-27','Midterm',100,180,'Hall E'),(25,'2024-11-12','Final',100,180,'Hall E'),
(30,'2024-08-20','Internal',50,90,'Hall A'),(30,'2024-09-25','Midterm',100,180,'Hall A'),
(30,'2024-11-10','Final',100,180,'Hall A'),(35,'2024-08-21','Internal',50,90,'Hall B'),
(35,'2024-09-26','Midterm',100,180,'Hall B'),(35,'2024-11-11','Final',100,180,'Hall B'),
(39,'2024-08-22','Internal',50,90,'Hall C'),(39,'2024-09-27','Midterm',100,180,'Hall C'),
(39,'2024-11-12','Final',100,180,'Hall C'),(43,'2024-08-20','Internal',50,90,'Hall D'),
(43,'2024-09-25','Midterm',100,180,'Hall D'),(43,'2024-11-10','Final',100,180,'Hall D'),
(48,'2024-08-21','Internal',50,90,'Hall E'),(48,'2024-09-26','Midterm',100,180,'Hall E'),
(48,'2024-11-11','Final',100,180,'Hall E'),(52,'2024-08-22','Internal',50,90,'Hall A'),
(52,'2024-09-27','Midterm',100,180,'Hall A'),(52,'2024-11-12','Final',100,180,'Hall A'),
(7,'2024-08-20','Internal',50,90,'Hall B'),(7,'2024-09-25','Midterm',100,180,'Hall B'),
(7,'2024-11-10','Final',100,180,'Hall B'),(13,'2024-08-21','Internal',50,90,'Hall C'),
(13,'2024-09-26','Midterm',100,180,'Hall C'),(13,'2024-11-11','Final',100,180,'Hall C'),
(20,'2024-08-22','Internal',50,90,'Hall D'),(20,'2024-09-27','Midterm',100,180,'Hall D'),
(20,'2024-11-12','Final',100,180,'Hall D'),(26,'2024-08-20','Internal',50,90,'Hall E'),
(26,'2024-09-25','Midterm',100,180,'Hall E'),(26,'2024-11-10','Final',100,180,'Hall E');

--  7. GRADES

CREATE TABLE grades (
    grade_id  INT PRIMARY KEY AUTO_INCREMENT,
    enroll_id INT NOT NULL,
    exam_id   INT NOT NULL,
    marks     DECIMAL(5,2) NOT NULL,
    grade     CHAR(2),
    graded_on DATE DEFAULT (CURRENT_DATE),
    remarks   VARCHAR(100),
    FOREIGN KEY (enroll_id) REFERENCES enrollments(enroll_id),
    FOREIGN KEY (exam_id)   REFERENCES exams(exam_id)
);

INSERT INTO grades (enroll_id, exam_id, marks, grade, graded_on, remarks) VALUES
(1,1,44,'O','2024-08-25','Excellent'),(1,2,88,'A','2024-10-01',NULL),
(2,4,38,'A+','2024-08-26',NULL),(2,5,76,'B+','2024-10-02',NULL),
(3,19,35,'A','2024-08-25',NULL),(3,20,70,'B+','2024-10-01',NULL),
(4,7,40,'O','2024-02-22',NULL),(4,8,82,'A','2024-03-25',NULL),
(5,25,42,'O','2024-08-26','Great effort'),(5,26,86,'A','2024-10-02',NULL),
(6,1,46,'O','2024-08-25','Outstanding'),(6,2,92,'O','2024-10-01',NULL),
(7,19,33,'B+','2024-08-26',NULL),(7,20,66,'B','2024-10-02',NULL),
(8,28,39,'A+','2024-08-25',NULL),(8,29,78,'B+','2024-10-01',NULL),
(9,46,41,'O','2024-08-26',NULL),(9,47,84,'A','2024-10-02',NULL),
(10,40,36,'A','2024-08-25',NULL),(10,41,72,'B+','2024-10-01',NULL),
(11,1,30,'B','2024-08-26',NULL),(11,2,60,'B','2024-10-02',NULL),
(12,43,44,'O','2024-08-25','Excellent'),(12,44,88,'A','2024-10-01',NULL),
(13,31,47,'O','2024-08-26','Perfect score'),(13,32,94,'O','2024-10-02',NULL),
(14,19,28,'B','2024-08-25',NULL),(14,20,56,'C','2024-10-01','Needs improvement'),
(15,25,35,'A','2024-08-26',NULL),(15,26,70,'B+','2024-10-02',NULL),
(16,34,40,'O','2024-08-25',NULL),(16,35,80,'A','2024-10-01',NULL),
(17,37,32,'B+','2024-08-26',NULL),(17,38,64,'B','2024-10-02',NULL),
(18,4,45,'O','2024-08-25','Top scorer'),(18,5,90,'O','2024-10-01',NULL),
(19,28,37,'A+','2024-08-26',NULL),(19,29,74,'B+','2024-10-02',NULL),
(20,46,42,'O','2024-08-25',NULL),(20,47,84,'A','2024-10-01',NULL),
(21,1,38,'A+','2024-08-26',NULL),(21,2,76,'B+','2024-10-02',NULL),
(22,52,31,'B+','2024-08-25',NULL),(22,53,62,'B','2024-10-01',NULL),
(23,31,44,'O','2024-08-26','Great work'),(23,32,88,'A','2024-10-02',NULL),
(24,43,39,'A+','2024-08-25',NULL),(24,44,78,'B+','2024-10-01',NULL),
(25,25,26,'B','2024-08-26',NULL),(25,26,52,'C','2024-10-02','Borderline'),
(26,40,43,'O','2024-08-25',NULL),(26,41,86,'A','2024-10-01',NULL),
(27,1,34,'B+','2024-08-26',NULL),(27,2,68,'B','2024-10-02',NULL),
(28,34,46,'O','2024-08-25','Outstanding'),(28,35,92,'O','2024-10-01',NULL),
(29,28,36,'A','2024-08-26',NULL),(29,29,72,'B+','2024-10-02',NULL),
(30,46,40,'O','2024-08-25',NULL),(30,47,80,'A','2024-10-01',NULL);

--  8. ATTENDANCE

CREATE TABLE attendance (
    att_id     INT PRIMARY KEY AUTO_INCREMENT,
    enroll_id  INT NOT NULL,
    att_date   DATE NOT NULL,
    status     CHAR(1) NOT NULL CHECK (status IN ('P','A','L')),
    marked_by  INT,
    FOREIGN KEY (enroll_id) REFERENCES enrollments(enroll_id),
    FOREIGN KEY (marked_by) REFERENCES faculty(faculty_id)
);

INSERT INTO attendance (enroll_id, att_date, status, marked_by) VALUES
(1,'2024-08-01','P',11),(1,'2024-08-02','P',11),(1,'2024-08-05','A',11),
(1,'2024-08-06','P',11),(1,'2024-08-07','P',11),(2,'2024-08-01','P',12),
(2,'2024-08-02','L',12),(2,'2024-08-05','P',12),(2,'2024-08-06','P',12),
(2,'2024-08-07','A',12),(3,'2024-08-01','P',13),(3,'2024-08-02','P',13),
(3,'2024-08-05','P',13),(3,'2024-08-06','A',13),(3,'2024-08-07','P',13),
(4,'2024-02-01','P',1),(4,'2024-02-02','P',1),(4,'2024-02-05','P',1),
(4,'2024-02-06','L',1),(4,'2024-02-07','P',1),(5,'2024-08-01','P',15),
(5,'2024-08-02','P',15),(5,'2024-08-05','A',15),(5,'2024-08-06','A',15),
(5,'2024-08-07','P',15),(6,'2024-08-01','P',11),(6,'2024-08-02','P',11),
(6,'2024-08-05','P',11),(6,'2024-08-06','P',11),(6,'2024-08-07','P',11),
(7,'2024-08-01','A',13),(7,'2024-08-02','P',13),(7,'2024-08-05','P',13),
(7,'2024-08-06','P',13),(7,'2024-08-07','L',13),(8,'2024-08-01','P',17),
(8,'2024-08-02','P',17),(8,'2024-08-05','P',17),(8,'2024-08-06','A',17),
(8,'2024-08-07','P',17),(9,'2024-08-01','P',29),(9,'2024-08-02','L',29),
(9,'2024-08-05','P',29),(9,'2024-08-06','P',29),(9,'2024-08-07','P',29),
(10,'2024-08-01','P',25),(10,'2024-08-02','P',25),(10,'2024-08-05','A',25),
(10,'2024-08-06','P',25),(10,'2024-08-07','P',25),(11,'2024-08-01','P',11),
(11,'2024-08-02','A',11),(11,'2024-08-05','A',11),(11,'2024-08-06','P',11),
(11,'2024-08-07','P',11),(12,'2024-08-01','P',27),(12,'2024-08-02','P',27),
(12,'2024-08-05','P',27),(12,'2024-08-06','P',27),(12,'2024-08-07','A',27);

--  9. FEES

CREATE TABLE fees (
    fee_id         INT PRIMARY KEY AUTO_INCREMENT,
    student_id     INT NOT NULL,
    amount         DECIMAL(10,2) NOT NULL,
    fee_type       VARCHAR(30) NOT NULL,
    status         VARCHAR(10) NOT NULL CHECK (status IN ('Paid','Pending','Overdue')),
    due_date       DATE,
    paid_on        DATE,
    transaction_id VARCHAR(50),
    FOREIGN KEY (student_id) REFERENCES students(student_id)
);

INSERT INTO fees (student_id, amount, fee_type, status, due_date, paid_on, transaction_id) VALUES
(1,85000,'Tuition','Paid','2024-07-31','2024-07-20','TXN001001'),
(2,85000,'Tuition','Paid','2024-07-31','2024-07-18','TXN001002'),
(3,85000,'Tuition','Pending','2024-07-31',NULL,NULL),
(4,85000,'Tuition','Paid','2024-07-31','2024-07-22','TXN001004'),
(5,85000,'Tuition','Overdue','2024-07-31',NULL,NULL),
(6,85000,'Tuition','Paid','2024-07-31','2024-07-19','TXN001006'),
(7,85000,'Tuition','Paid','2024-07-31','2024-07-25','TXN001007'),
(8,85000,'Tuition','Pending','2024-07-31',NULL,NULL),
(9,85000,'Tuition','Paid','2024-07-31','2024-07-17','TXN001009'),
(10,85000,'Tuition','Paid','2024-07-31','2024-07-21','TXN001010'),
(1,6000,'Hostel','Paid','2024-07-31','2024-07-20','TXN002001'),
(2,6000,'Hostel','Paid','2024-07-31','2024-07-18','TXN002002'),
(4,6000,'Hostel','Paid','2024-07-31','2024-07-22','TXN002004'),
(6,6000,'Hostel','Paid','2024-07-31','2024-07-19','TXN002006'),
(7,6000,'Hostel','Pending','2024-07-31',NULL,NULL),
(11,85000,'Tuition','Paid','2024-07-31','2024-07-20','TXN001011'),
(12,85000,'Tuition','Paid','2024-07-31','2024-07-23','TXN001012'),
(13,85000,'Tuition','Paid','2024-07-31','2024-07-15','TXN001013'),
(14,85000,'Tuition','Overdue','2024-07-31',NULL,NULL),
(15,85000,'Tuition','Paid','2024-07-31','2024-07-24','TXN001015'),
(16,85000,'Tuition','Paid','2024-07-31','2024-07-20','TXN001016'),
(17,85000,'Tuition','Pending','2024-07-31',NULL,NULL),
(18,85000,'Tuition','Paid','2024-07-31','2024-07-16','TXN001018'),
(19,85000,'Tuition','Paid','2024-07-31','2024-07-22','TXN001019'),
(20,85000,'Tuition','Paid','2024-07-31','2024-07-19','TXN001020'),
(21,85000,'Tuition','Paid','2024-07-31','2024-07-21','TXN001021'),
(22,85000,'Tuition','Overdue','2024-07-31',NULL,NULL),
(23,85000,'Tuition','Paid','2024-07-31','2024-07-18','TXN001023'),
(24,85000,'Tuition','Paid','2024-07-31','2024-07-25','TXN001024'),
(25,85000,'Tuition','Pending','2024-07-31',NULL,NULL),
(1,2000,'Exam','Paid','2024-10-15','2024-10-10','TXN003001'),
(2,2000,'Exam','Paid','2024-10-15','2024-10-09','TXN003002'),
(3,2000,'Exam','Pending','2024-10-15',NULL,NULL),
(4,2000,'Exam','Paid','2024-10-15','2024-10-11','TXN003004'),
(5,2000,'Exam','Overdue','2024-10-15',NULL,NULL),
(26,85000,'Tuition','Paid','2024-07-31','2024-07-20','TXN001026'),
(27,85000,'Tuition','Paid','2024-07-31','2024-07-23','TXN001027'),
(28,85000,'Tuition','Paid','2024-07-31','2024-07-17','TXN001028'),
(29,85000,'Tuition','Pending','2024-07-31',NULL,NULL),
(30,85000,'Tuition','Paid','2024-07-31','2024-07-21','TXN001030'),
(31,85000,'Tuition','Paid','2024-07-31','2024-07-19','TXN001031'),
(32,85000,'Tuition','Paid','2024-07-31','2024-07-22','TXN001032'),
(33,85000,'Tuition','Overdue','2024-07-31',NULL,NULL),
(34,85000,'Tuition','Paid','2024-07-31','2024-07-20','TXN001034'),
(35,85000,'Tuition','Paid','2024-07-31','2024-07-18','TXN001035'),
(36,85000,'Tuition','Paid','2024-07-31','2024-07-24','TXN001036'),
(37,85000,'Tuition','Pending','2024-07-31',NULL,NULL),
(38,85000,'Tuition','Paid','2024-07-31','2024-07-16','TXN001038'),
(39,85000,'Tuition','Paid','2024-07-31','2024-07-21','TXN001039'),
(40,85000,'Tuition','Paid','2024-07-31','2024-07-20','TXN001040'),
(41,85000,'Tuition','Paid','2024-07-31','2024-07-19','TXN001041'),
(42,85000,'Tuition','Overdue','2024-07-31',NULL,NULL),
(43,85000,'Tuition','Paid','2024-07-31','2024-07-23','TXN001043'),
(44,85000,'Tuition','Paid','2024-07-31','2024-07-17','TXN001044'),
(45,85000,'Tuition','Paid','2024-07-31','2024-07-22','TXN001045'),
(46,85000,'Tuition','Paid','2024-07-31','2024-07-20','TXN001046'),
(47,85000,'Tuition','Pending','2024-07-31',NULL,NULL),
(48,85000,'Tuition','Paid','2024-07-31','2024-07-18','TXN001048'),
(49,85000,'Tuition','Paid','2024-07-31','2024-07-25','TXN001049'),
(50,85000,'Tuition','Paid','2024-07-31','2024-07-20','TXN001050');

--  10. HOSTELS

CREATE TABLE hostels (
    hostel_id  INT PRIMARY KEY AUTO_INCREMENT,
    student_id INT UNIQUE NOT NULL,
    block      VARCHAR(10) NOT NULL,
    room_no    VARCHAR(10) NOT NULL,
    bed_no     INT,
    check_in   DATE,
    check_out  DATE,
    FOREIGN KEY (student_id) REFERENCES students(student_id)
);

INSERT INTO hostels (student_id, block, room_no, bed_no, check_in, check_out) VALUES
(1,'A','A101',1,'2024-07-10','2025-05-30'),(2,'A','A101',2,'2024-07-10','2025-05-30'),
(4,'A','A102',1,'2021-07-12','2025-05-30'),(6,'A','A102',2,'2024-07-11','2025-05-30'),
(7,'B','B101',1,'2024-07-10','2025-05-30'),(9,'B','B101',2,'2024-07-13','2025-05-30'),
(10,'B','B102',1,'2024-07-12','2025-05-30'),(11,'B','B102',2,'2024-07-10','2025-05-30'),
(13,'C','C101',1,'2024-07-11','2025-05-30'),(14,'C','C101',2,'2021-07-10','2025-05-30'),
(16,'C','C102',1,'2024-07-14','2025-05-30'),(18,'A','A103',1,'2021-07-10','2025-05-30'),
(19,'D','D101',1,'2024-07-10','2025-05-30'),(21,'D','D101',2,'2024-07-12','2025-05-30'),
(22,'D','D102',1,'2024-07-11','2025-05-30'),(24,'E','E101',1,'2021-07-13','2025-05-30'),
(25,'E','E101',2,'2024-07-10','2025-05-30'),(27,'E','E102',1,'2024-07-14','2025-05-30'),
(28,'F','F101',1,'2021-07-10','2025-05-30'),(29,'F','F101',2,'2024-07-11','2025-05-30'),
(30,'F','F102',1,'2024-07-13','2025-05-30'),(32,'G','G101',1,'2021-07-12','2025-05-30'),
(33,'G','G101',2,'2024-07-10','2025-05-30'),(35,'G','G102',1,'2024-07-15','2025-05-30'),
(36,'H','H101',1,'2024-07-11','2025-05-30'),(37,'H','H101',2,'2021-07-10','2025-05-30'),
(38,'H','H102',1,'2024-07-14','2025-05-30'),(40,'A','A104',1,'2024-07-12','2025-05-30'),
(41,'A','A104',2,'2021-07-10','2025-05-30'),(42,'B','B103',1,'2024-07-13','2025-05-30'),
(44,'B','B103',2,'2024-07-11','2025-05-30'),(45,'C','C103',1,'2024-07-10','2025-05-30'),
(46,'C','C103',2,'2021-07-14','2025-05-30'),(47,'D','D103',1,'2024-07-15','2025-05-30'),
(48,'D','D103',2,'2024-07-10','2025-05-30'),(49,'E','E103',1,'2024-07-12','2025-05-30'),
(50,'E','E103',2,'2024-07-11','2025-05-30'),(51,'F','F103',1,'2021-07-13','2025-05-30'),
(52,'F','F103',2,'2024-07-10','2025-05-30'),(53,'G','G103',1,'2024-07-14','2025-05-30'),
(54,'G','G103',2,'2024-07-11','2025-05-30'),(55,'H','H103',1,'2021-07-10','2025-05-30'),
(56,'H','H103',2,'2024-07-12','2025-05-30'),(57,'A','A105',1,'2024-07-13','2025-05-30'),
(58,'A','A105',2,'2024-07-10','2025-05-30'),(59,'B','B104',1,'2021-07-11','2025-05-30'),
(60,'B','B104',2,'2024-07-15','2025-05-30'),(3,'C','C104',1,'2024-07-10','2025-05-30'),
(5,'C','C104',2,'2024-07-12','2025-05-30'),(8,'D','D104',1,'2024-07-13','2025-05-30'),
(12,'D','D104',2,'2024-07-11','2025-05-30'),(15,'E','E104',1,'2024-07-14','2025-05-30'),
(17,'E','E104',2,'2024-07-10','2025-05-30'),(20,'F','F104',1,'2024-07-12','2025-05-30'),
(23,'F','F104',2,'2024-07-15','2025-05-30'),(26,'G','G104',1,'2024-07-11','2025-05-30'),
(31,'G','G104',2,'2024-07-13','2025-05-30'),(34,'H','H104',1,'2024-07-10','2025-05-30'),
(39,'H','H104',2,'2024-07-14','2025-05-30'),(43,'A','A106',1,'2024-07-12','2025-05-30');

--  11. LIBRARY

CREATE TABLE library (
    lib_id      INT PRIMARY KEY AUTO_INCREMENT,
    student_id  INT NOT NULL,
    book_title  VARCHAR(150) NOT NULL,
    isbn        VARCHAR(20),
    author      VARCHAR(100),
    issue_date  DATE NOT NULL,
    return_date DATE NOT NULL,
    returned_on DATE,
    fine        DECIMAL(6,2) DEFAULT 0.00,
    FOREIGN KEY (student_id) REFERENCES students(student_id)
);

INSERT INTO library (student_id, book_title, isbn, author, issue_date, return_date, returned_on, fine) VALUES
(1,'Introduction to Algorithms','978-0262033848','Cormen','2024-08-01','2024-08-15','2024-08-14',0),
(2,'Database System Concepts','978-0078022159','Silberschatz','2024-08-05','2024-08-20',NULL,0),
(3,'Operating System Concepts','978-1119320913','Silberschatz','2024-08-10','2024-08-25','2024-08-28',30),
(4,'Computer Networks','978-0132126953','Tanenbaum','2024-09-01','2024-09-15','2024-09-14',0),
(5,'Engineering Mechanics','978-0133918922','Hibbeler','2024-08-12','2024-08-26','2024-09-02',60),
(6,'Clean Code','978-0132350884','Martin','2024-09-10','2024-09-24','2024-09-23',0),
(7,'Digital Design','978-0132774208','Mano','2024-08-07','2024-08-21','2024-08-21',0),
(8,'Structural Analysis','978-0132948999','Hibbeler','2024-08-15','2024-08-29','2024-09-05',60),
(9,'Python Crash Course','978-1593279288','Matthes','2024-08-03','2024-08-17','2024-08-17',0),
(10,'Principles of Marketing','978-0134492513','Kotler','2024-08-20','2024-09-03','2024-09-01',0),
(11,'Design Patterns','978-0201633610','GoF','2024-09-05','2024-09-19',NULL,0),
(12,'Molecular Biology of the Cell','978-0393884821','Alberts','2024-08-08','2024-08-22','2024-08-22',0),
(13,'Advanced Engineering Mathematics','978-1284206241','Zill','2024-08-14','2024-08-28','2024-09-10',120),
(14,'Signals and Systems','978-0138147570','Oppenheim','2024-09-02','2024-09-16','2024-09-16',0),
(15,'Engineering Thermodynamics','978-0071287739','Moran','2024-08-18','2024-09-01','2024-09-04',30),
(16,'University Physics','978-0135159552','Young','2024-08-06','2024-08-20','2024-08-19',0),
(17,'Organic Chemistry','978-0321809247','McMurry','2024-08-22','2024-09-05',NULL,0),
(18,'Artificial Intelligence','978-0136042594','Russell','2024-09-15','2024-09-29','2024-09-28',0),
(19,'Geotechnical Engineering','978-0131424472','Das','2024-08-09','2024-08-23','2024-08-23',0),
(20,'Data Science Handbook','978-1491912126','VanderPlas','2024-08-25','2024-09-08',NULL,0),
(21,'The Pragmatic Programmer','978-0135957059','Hunt','2024-08-11','2024-08-25','2024-08-30',50),
(22,'Microelectronic Circuits','978-0190854485','Sedra','2024-09-03','2024-09-17','2024-09-17',0),
(23,'Linear Algebra','978-0321982384','Lay','2024-08-16','2024-08-30','2024-08-29',0),
(24,'Bioinformatics Algorithms','978-0990374627','Compeau','2024-08-28','2024-09-11',NULL,0),
(25,'Fluid Mechanics','978-0073398273','Cengel','2024-08-04','2024-08-18','2024-08-20',20),
(26,'Management Information Systems','978-0133898163','Laudon','2024-09-07','2024-09-21','2024-09-21',0),
(27,'Head First Java','978-0596009205','Sierra','2024-08-13','2024-08-27','2024-09-03',60),
(28,'Modern Physics','978-1133103721','Krane','2024-08-23','2024-09-06','2024-09-06',0),
(29,'Transportation Engineering','978-0132543224','Garber','2024-08-17','2024-08-31','2024-09-08',70),
(30,'Cyber Security Essentials','978-0789759405','Ciampa','2024-09-12','2024-09-26',NULL,0),
(31,'Physical Chemistry','978-1429231220','Atkins','2024-08-02','2024-08-16','2024-08-15',0),
(32,'VLSI Design','978-0071754033','Weste','2024-08-26','2024-09-09','2024-09-09',0),
(33,'Machine Design','978-0132251594','Shigley','2024-08-19','2024-09-02','2024-09-10',80),
(34,'Compiler Design','978-0321486813','Aho','2024-09-08','2024-09-22','2024-09-22',0),
(35,'Probability & Statistics','978-0321629111','Walpole','2024-08-21','2024-09-04','2024-09-03',0),
(36,'Genetics Analysis','978-0133499124','Sanders','2024-08-27','2024-09-10',NULL,0),
(37,'Financial Management','978-0135571897','Brigham','2024-09-13','2024-09-27','2024-09-27',0),
(38,'Quantum Mechanics','978-0131118928','Griffiths','2024-08-24','2024-09-07','2024-09-14',70),
(39,'Environmental Engineering','978-0131481930','Mihelcic','2024-08-29','2024-09-12','2024-09-12',0),
(40,'IoT Fundamentals','978-1587144561','Hanes','2024-09-16','2024-09-30',NULL,0),
(41,'Software Engineering','978-0133943030','Sommerville','2024-08-31','2024-09-14','2024-09-13',0),
(42,'Embedded Systems','978-0124077782','White','2024-09-04','2024-09-18','2024-09-18',0),
(43,'Calculus','978-1285740621','Stewart','2024-08-07','2024-08-21','2024-08-25',40),
(44,'Heat Transfer','978-0073529363','Cengel','2024-09-01','2024-09-15','2024-09-15',0),
(45,'Cloud Computing','978-1449357818','Erl','2024-08-15','2024-08-29','2024-09-06',70),
(46,'Biochemistry','978-1319116040','Berg','2024-08-20','2024-09-03','2024-09-03',0),
(47,'Web Development','978-1491950357','Robbins','2024-09-09','2024-09-23',NULL,0),
(48,'Human Resource Mgmt','978-0134740218','Dessler','2024-08-10','2024-08-24','2024-08-24',0),
(49,'Hydraulics','978-0132567244','Streeter','2024-08-16','2024-08-30','2024-09-04',50),
(50,'Big Data Analytics','978-1119087793','Acharya','2024-09-14','2024-09-28',NULL,0),
(51,'Optics','978-0321188786','Hecht','2024-08-22','2024-09-05','2024-09-05',0),
(52,'Antenna Theory','978-1118642061','Balanis','2024-09-06','2024-09-20','2024-09-20',0),
(53,'Inorganic Chemistry','978-1429252553','Shriver','2024-08-12','2024-08-26','2024-09-02',60),
(54,'CAD/CAM','978-0071077361','Chang','2024-08-18','2024-09-01','2024-09-01',0),
(55,'Numerical Methods','978-1259006043','Chapra','2024-08-25','2024-09-08','2024-09-15',70),
(56,'Digital Image Processing','978-0133356724','Gonzalez','2024-09-10','2024-09-24',NULL,0),
(57,'Machine Learning','978-1491962299','Geron','2024-08-08','2024-08-22','2024-08-22',0),
(58,'Operations Research','978-0073376011','Hillier','2024-08-28','2024-09-11','2024-09-11',0),
(59,'Network Security','978-0134527338','Stallings','2024-09-17','2024-10-01',NULL,0),
(60,'Mechanical Vibrations','978-0132274098','Rao','2024-08-30','2024-09-13','2024-09-13',0);

--  12. ALUMNI

CREATE TABLE alumni (
    alumni_id       INT PRIMARY KEY AUTO_INCREMENT,
    student_id      INT NOT NULL,
    graduation_year INT NOT NULL,
    company         VARCHAR(100),
    job_title       VARCHAR(100),
    city            VARCHAR(50),
    linkedin_url    VARCHAR(200),
    email           VARCHAR(100),
    FOREIGN KEY (student_id) REFERENCES students(student_id)
);

INSERT INTO alumni (student_id, graduation_year, company, job_title, city, linkedin_url, email) VALUES
(4,2025,'TCS','Software Engineer','Chennai','linkedin.com/in/divya001','divya.k@gmail.com'),
(14,2025,'Infosys','Systems Analyst','Bangalore','linkedin.com/in/keerthi001','keerthi.b@gmail.com'),
(18,2025,'Wipro','Tech Lead','Hyderabad','linkedin.com/in/sharanya001','sharanya.g@gmail.com'),
(24,2025,'Biocon','Research Associate','Bangalore','linkedin.com/in/devi001','devi.s@gmail.com'),
(28,2025,'L&T','Civil Engineer','Mumbai','linkedin.com/in/hema001','hema.j@gmail.com'),
(32,2025,'ABB','Electronics Engineer','Pune','linkedin.com/in/lavanya001','lavanya.r@gmail.com'),
(37,2025,'Deloitte','Business Analyst','Delhi','linkedin.com/in/qamruddin001','qamruddin.s@gmail.com'),
(41,2025,'Amazon','SDE-1','Hyderabad','linkedin.com/in/umesh001','umesh.b@gmail.com'),
(46,2025,'Cipla','Biotech Analyst','Mumbai','linkedin.com/in/anbu001','anbu.c@gmail.com'),
(51,2025,'ISRO','Physics Researcher','Bangalore','linkedin.com/in/falguni001','falguni.p@gmail.com'),
(55,2025,'NIT','Lecturer','Trichy','linkedin.com/in/jeyalakshmi001','jeyalakshmi.r@gmail.com'),
(59,2025,'Cisco','Network Engineer','Bangalore','linkedin.com/in/nandhini001','nandhini.v@gmail.com'),
(4,2025,'TCS','Associate','Pune','linkedin.com/in/divya002','divya.alumni@tcs.com'),
(18,2025,'HCL','Developer','Noida','linkedin.com/in/sharanya002','sharanya.alumni@hcl.com'),
(28,2025,'DLF','Site Engineer','Gurgaon','linkedin.com/in/hema002','hema.alumni@dlf.com'),
(14,2025,'CTS','Analyst','Chennai','linkedin.com/in/keerthi002','keerthi.alumni@cts.com'),
(37,2025,'KPMG','Consultant','Mumbai','linkedin.com/in/qamruddin002','qamruddin.alumni@kpmg.com'),
(32,2025,'Siemens','Engineer','Pune','linkedin.com/in/lavanya002','lavanya.alumni@siemens.com'),
(41,2025,'Flipkart','SDE','Bangalore','linkedin.com/in/umesh002','umesh.alumni@flipkart.com'),
(51,2025,'DRDO','Scientist','Delhi','linkedin.com/in/falguni002','falguni.alumni@drdo.com'),
(24,2025,'Dr.Reddys','Researcher','Hyderabad','linkedin.com/in/devi002','devi.alumni@dreddys.com'),
(46,2025,'Sun Pharma','QA Engineer','Mumbai','linkedin.com/in/anbu002','anbu.alumni@sunpharma.com'),
(55,2025,'VIT','Assistant Professor','Vellore','linkedin.com/in/jeyalakshmi002','jeyalakshmi.alumni@vit.ac.in'),
(59,2025,'Jio','Network Planner','Mumbai','linkedin.com/in/nandhini002','nandhini.alumni@jio.com'),
(4,2025,'Zoho','Software Dev','Chennai','linkedin.com/in/divya003','divya3@zoho.com'),
(14,2025,'Accenture','Analyst','Bangalore','linkedin.com/in/keerthi003','keerthi3@accenture.com'),
(18,2025,'Microsoft','SDE','Hyderabad','linkedin.com/in/sharanya003','sharanya3@microsoft.com'),
(24,2025,'Biotech Park','Scientist','Lucknow','linkedin.com/in/devi003','devi3@biotechpark.com'),
(28,2025,'TATA Projects','Infra Engineer','Mumbai','linkedin.com/in/hema003','hema3@tataprojects.com'),
(32,2025,'BHEL','Design Engineer','Bhopal','linkedin.com/in/lavanya003','lavanya3@bhel.com'),
(37,2025,'EY','Tax Consultant','Delhi','linkedin.com/in/qamruddin003','qamruddin3@ey.com'),
(41,2025,'Swiggy','Backend Dev','Bangalore','linkedin.com/in/umesh003','umesh3@swiggy.com'),
(46,2025,'Lupin','Bio Analyst','Pune','linkedin.com/in/anbu003','anbu3@lupin.com'),
(51,2025,'IIT Madras','Research Scholar','Chennai','linkedin.com/in/falguni003','falguni3@iitm.ac.in'),
(55,2025,'Anna Univ','Asst Prof','Chennai','linkedin.com/in/jeyalakshmi003','jeyalakshmi3@annauniv.edu'),
(59,2025,'Airtel','IT Engineer','Delhi','linkedin.com/in/nandhini003','nandhini3@airtel.com'),
(4,2025,'PayTm','Product Analyst','Noida','linkedin.com/in/divya004','divya4@paytm.com'),
(14,2025,'Tech Mahindra','Consultant','Pune','linkedin.com/in/keerthi004','keerthi4@techmahindra.com'),
(18,2025,'Google','SDE II','Bangalore','linkedin.com/in/sharanya004','sharanya4@google.com'),
(24,2025,'Serum Inst','Research Exec','Pune','linkedin.com/in/devi004','devi4@seruminstitute.com'),
(28,2025,'Shapoorji','Civil Eng','Mumbai','linkedin.com/in/hema004','hema4@shapoorji.com'),
(32,2025,'BEL','VLSI Engineer','Bangalore','linkedin.com/in/lavanya004','lavanya4@bel.co.in'),
(37,2025,'PwC','Risk Analyst','Kolkata','linkedin.com/in/qamruddin004','qamruddin4@pwc.com'),
(41,2025,'Ola','Dev Ops','Bangalore','linkedin.com/in/umesh004','umesh4@ola.com'),
(46,2025,'Aurobindo','QA Exec','Hyderabad','linkedin.com/in/anbu004','anbu4@aurobindo.com'),
(51,2025,'CERN','Intern Scientist','Geneva','linkedin.com/in/falguni004','falguni4@cern.ch'),
(55,2025,'SRM','Faculty','Chennai','linkedin.com/in/jeyalakshmi004','jeyalakshmi4@srmuniv.ac.in'),
(59,2025,'BSNL','Network Admin','Chennai','linkedin.com/in/nandhini004','nandhini4@bsnl.co.in'),
(4,2025,'Cognizant','Full Stack Dev','Chennai','linkedin.com/in/divya005','divya5@cognizant.com'),
(14,2025,'Capgemini','Tech Analyst','Bangalore','linkedin.com/in/keerthi005','keerthi5@capgemini.com'),
(18,2025,'IBM','Cloud Engineer','Bangalore','linkedin.com/in/sharanya005','sharanya5@ibm.com'),
(24,2025,'GlaxoSmithKline','Bioanalyst','Bangalore','linkedin.com/in/devi005','devi5@gsk.com'),
(28,2025,'Simplex','Site Manager','Chennai','linkedin.com/in/hema005','hema5@simplexinfra.com'),
(32,2025,'NXP','Hardware Eng','Pune','linkedin.com/in/lavanya005','lavanya5@nxp.com'),
(37,2025,'BCG','Strategy Analyst','Mumbai','linkedin.com/in/qamruddin005','qamruddin5@bcg.com'),
(41,2025,'Zomato','SDE','Gurgaon','linkedin.com/in/umesh005','umesh5@zomato.com'),
(46,2025,'Bioreliance','Lab Analyst','Hyderabad','linkedin.com/in/anbu005','anbu5@bioreliance.com'),
(51,2025,'Tata Institute','Physicist','Mumbai','linkedin.com/in/falguni005','falguni5@tifr.res.in'),
(55,2025,'Amrita Univ','Lecturer','Coimbatore','linkedin.com/in/jeyalakshmi005','jeyalakshmi5@amrita.edu'),
(59,2025,'STPI','IT Officer','Chennai','linkedin.com/in/nandhini005','nandhini5@stpi.in');

--  13. SCHOLARSHIPS

CREATE TABLE scholarships (
    scholarship_id INT PRIMARY KEY AUTO_INCREMENT,
    name           VARCHAR(100) NOT NULL,
    amount         DECIMAL(10,2) NOT NULL,
    criteria       VARCHAR(200),
    sponsor        VARCHAR(100),
    seats_available INT,
    academic_year  VARCHAR(10)
);

INSERT INTO scholarships (name, amount, criteria, sponsor, seats_available, academic_year) VALUES
('Merit Excellence Award',    50000, 'CGPA >= 9.0',                 'University Trust',       20, '2024-25'),
('Need Based Grant',          40000, 'Family income < 2LPA',        'Government',            100, '2024-25'),
('Sports Achiever Award',     25000, 'State level sports player',   'Sports Council',         15, '2024-25'),
('SC/ST Scholarship',         45000, 'SC/ST category students',     'Government',             80, '2024-25'),
('Girls STEM Scholarship',    35000, 'Female students in STEM',     'NASSCOM Foundation',     50, '2024-25'),
('Research Innovation Grant', 60000, 'Research paper published',    'DST',                    10, '2024-25'),
('Industry Sponsored Award',  30000, 'CGPA >= 8.5, any dept',       'Infosys Foundation',     25, '2024-25'),
('Alumni Endowment Fund',     20000, 'CGPA >= 8.0, financial need', 'Alumni Association',     30, '2024-25'),
('First Generation Learner',  35000, 'First graduate in family',    'UGC',                    60, '2024-25'),
('International Exchange',    75000, 'Exchange program eligible',   'Ministry of Education',   5, '2024-25');

--  14. SCHOLARSHIP_APPLICATIONS

CREATE TABLE scholarship_applications (
    application_id INT PRIMARY KEY AUTO_INCREMENT,
    scholarship_id INT NOT NULL,
    student_id     INT NOT NULL,
    applied_on     DATE NOT NULL DEFAULT (CURRENT_DATE),
    status         VARCHAR(15) DEFAULT 'Pending' CHECK (status IN ('Pending','Approved','Rejected')),
    approved_by    INT,
    FOREIGN KEY (scholarship_id) REFERENCES scholarships(scholarship_id),
    FOREIGN KEY (student_id)     REFERENCES students(student_id),
    FOREIGN KEY (approved_by)    REFERENCES faculty(faculty_id)
);

INSERT INTO scholarship_applications (scholarship_id, student_id, applied_on, status, approved_by) VALUES
(1,2,'2024-08-01','Approved',1),(1,6,'2024-08-02','Approved',1),(1,13,'2024-08-01','Approved',1),
(1,18,'2024-08-03','Approved',1),(1,34,'2024-08-02','Rejected',1),(1,57,'2024-08-04','Approved',1),
(2,3,'2024-08-05','Approved',2),(2,5,'2024-08-06','Approved',2),(2,8,'2024-08-05','Pending',NULL),
(2,14,'2024-08-07','Approved',2),(2,17,'2024-08-06','Pending',NULL),(2,22,'2024-08-08','Approved',2),
(2,25,'2024-08-07','Rejected',2),(2,29,'2024-08-05','Approved',2),(2,33,'2024-08-09','Pending',NULL),
(3,7,'2024-08-10','Approved',3),(3,15,'2024-08-11','Approved',3),(3,27,'2024-08-10','Rejected',3),
(3,35,'2024-08-12','Approved',3),(3,43,'2024-08-11','Pending',NULL),(4,3,'2024-08-13','Approved',4),
(4,8,'2024-08-14','Approved',4),(4,17,'2024-08-13','Pending',NULL),(4,22,'2024-08-15','Approved',4),
(4,39,'2024-08-14','Approved',4),(5,2,'2024-08-16','Approved',5),(5,6,'2024-08-17','Approved',5),
(5,10,'2024-08-16','Approved',5),(5,12,'2024-08-18','Pending',NULL),(5,16,'2024-08-17','Approved',5),
(5,18,'2024-08-16','Approved',5),(5,24,'2024-08-19','Approved',5),(5,28,'2024-08-18','Pending',NULL),
(6,2,'2024-08-20','Approved',6),(6,18,'2024-08-21','Approved',6),(6,34,'2024-08-20','Rejected',6),
(6,57,'2024-08-22','Approved',6),(7,1,'2024-08-23','Approved',7),(7,4,'2024-08-24','Approved',7),
(7,6,'2024-08-23','Approved',7),(7,9,'2024-08-25','Pending',NULL),(7,18,'2024-08-24','Approved',7),
(7,21,'2024-08-23','Approved',7),(8,1,'2024-08-26','Approved',8),(8,7,'2024-08-27','Approved',8),
(8,13,'2024-08-26','Approved',8),(8,19,'2024-08-28','Pending',NULL),(8,26,'2024-08-27','Approved',8),
(9,3,'2024-08-29','Approved',9),(9,5,'2024-08-30','Approved',9),(9,11,'2024-08-29','Pending',NULL),
(9,15,'2024-08-31','Approved',9),(9,20,'2024-08-30','Approved',9),(9,33,'2024-08-29','Rejected',9),
(10,2,'2024-09-01','Approved',10),(10,18,'2024-09-02','Approved',10),(10,34,'2024-09-01','Pending',NULL),
(10,57,'2024-09-03','Approved',10),(1,45,'2024-08-05','Approved',1),(2,54,'2024-08-06','Approved',2);

--  15. CLUBS

CREATE TABLE clubs (
    club_id           INT PRIMARY KEY AUTO_INCREMENT,
    name              VARCHAR(100) NOT NULL,
    category          VARCHAR(50),
    faculty_advisor_id INT,
    founded_year      INT,
    description       VARCHAR(300),
    FOREIGN KEY (faculty_advisor_id) REFERENCES faculty(faculty_id)
);

INSERT INTO clubs (name, category, faculty_advisor_id, founded_year, description) VALUES
('CodeCraft',        'Technical',      11, 2015, 'Programming and competitive coding club'),
('RoboNation',       'Technical',      13, 2016, 'Robotics and automation enthusiasts'),
('EcoGreen',         'Social',         19, 2012, 'Environment awareness and sustainability'),
('Pixel Arts',       'Creative',       25, 2018, 'Digital arts, photography and design'),
('Toastmasters',     'Communication',  45, 2010, 'Public speaking and leadership'),
('Entrepreneurship Cell','Business',   26, 2014, 'Startup culture and innovation'),
('MusiKala',         'Cultural',       38, 2008, 'Music and performing arts'),
('Sports Council',   'Sports',         43, 2005, 'Coordinates all sports activities'),
('Research Forum',   'Academic',        1, 2017, 'Undergraduate research initiatives'),
('Astronomy Club',   'Science',        22, 2019, 'Stargazing and space science');

--  16. CLUB_MEMBERS

CREATE TABLE club_members (
    member_id  INT PRIMARY KEY AUTO_INCREMENT,
    club_id    INT NOT NULL,
    student_id INT NOT NULL,
    role       VARCHAR(30) DEFAULT 'Member',
    joined_on  DATE,
    status     VARCHAR(10) DEFAULT 'Active' CHECK (status IN ('Active','Inactive')),
    UNIQUE (club_id, student_id),
    FOREIGN KEY (club_id)    REFERENCES clubs(club_id),
    FOREIGN KEY (student_id) REFERENCES students(student_id)
);

INSERT INTO club_members (club_id, student_id, role, joined_on, status) VALUES
(1,1,'President','2023-08-10','Active'),(1,2,'Vice President','2023-08-10','Active'),
(1,6,'Member','2024-07-20','Active'),(1,11,'Member','2024-07-20','Active'),
(1,18,'Secretary','2023-08-10','Active'),(1,21,'Member','2024-07-22','Active'),
(1,27,'Member','2024-07-22','Active'),(1,34,'Treasurer','2023-08-10','Active'),
(1,41,'Member','2023-09-01','Active'),(1,57,'Member','2024-07-25','Active'),
(2,3,'President','2024-07-15','Active'),(2,7,'Member','2024-07-15','Active'),
(2,14,'Vice President','2024-07-15','Active'),(2,22,'Member','2024-07-18','Active'),
(2,32,'Member','2024-07-18','Active'),(2,42,'Member','2024-07-20','Active'),
(2,52,'Secretary','2024-07-15','Active'),(3,5,'President','2024-07-16','Active'),
(3,8,'Member','2024-07-16','Active'),(3,15,'Vice President','2024-07-16','Active'),
(3,19,'Member','2024-07-20','Active'),(3,29,'Member','2024-07-20','Active'),
(3,39,'Secretary','2024-07-16','Active'),(3,49,'Member','2024-07-22','Active'),
(3,58,'Member','2024-07-22','Inactive'),(4,10,'President','2024-07-17','Active'),
(4,16,'Member','2024-07-17','Active'),(4,26,'Vice President','2024-07-17','Active'),
(4,36,'Secretary','2024-07-17','Active'),(4,46,'Member','2024-07-20','Active'),
(4,53,'Member','2024-07-20','Active'),(5,4,'President','2021-08-01','Active'),
(5,13,'Vice President','2023-08-10','Active'),(5,23,'Member','2024-07-18','Active'),
(5,33,'Member','2024-07-18','Active'),(5,43,'Secretary','2024-07-18','Active'),
(5,48,'Member','2024-07-20','Active'),(5,54,'Member','2024-07-20','Active'),
(6,9,'President','2024-07-19','Active'),(6,20,'Vice President','2024-07-19','Active'),
(6,30,'Member','2024-07-19','Active'),(6,40,'Secretary','2024-07-19','Active'),
(6,50,'Member','2024-07-22','Active'),(6,60,'Member','2024-07-22','Active'),
(7,17,'President','2024-07-21','Active'),(7,25,'Vice President','2024-07-21','Active'),
(7,35,'Member','2024-07-21','Active'),(7,44,'Member','2024-07-23','Active'),
(7,53,'Secretary','2024-07-21','Active'),(7,56,'Member','2024-07-23','Active'),
(8,5,'President','2024-07-22','Active'),(8,15,'Member','2024-07-22','Active'),
(8,25,'Vice President','2024-07-22','Active'),(8,35,'Member','2024-07-24','Active'),
(8,45,'Secretary','2024-07-22','Active'),(8,55,'Member','2024-07-24','Active'),
(9,2,'President','2024-07-23','Active'),(9,13,'Vice President','2024-07-23','Active'),
(9,28,'Member','2024-07-23','Active'),(9,34,'Secretary','2024-07-23','Active'),
(10,12,'President','2024-07-24','Active'),(10,24,'Member','2024-07-24','Active');

--  17. EVENTS

CREATE TABLE events (
    event_id         INT PRIMARY KEY AUTO_INCREMENT,
    title            VARCHAR(100) NOT NULL,
    club_id          INT,
    dept_id          INT,
    event_date       DATE NOT NULL,
    venue            VARCHAR(100),
    description      VARCHAR(300),
    max_participants INT,
    FOREIGN KEY (club_id)  REFERENCES clubs(club_id),
    FOREIGN KEY (dept_id)  REFERENCES departments(dept_id)
);

INSERT INTO events (title, club_id, dept_id, event_date, venue, description, max_participants) VALUES
('HackFest 2024',           1, 1,'2024-09-15','Seminar Hall A','24-hour coding hackathon',200),
('Code Wars',               1, 1,'2024-10-20','Lab Block',    'Competitive programming contest',100),
('Robo Rumble',             2, 2,'2024-09-22','Mech Workshop', 'Robot battle championship',80),
('AutoExpo',                2, 3,'2024-11-05','Open Ground',  'Automation showcase',150),
('Tree Plantation Drive',   3,NULL,'2024-08-15','Campus Lawn', 'Plant 500 trees initiative',300),
('Clean Campus Day',        3,NULL,'2024-10-02','Entire Campus','Campus cleanliness drive',500),
('Photography Exhibition',  4,NULL,'2024-09-28','Art Gallery', 'Student photography showcase',200),
('Digital Design Workshop', 4, 1,'2024-11-12','Design Lab',   'Figma and UI design session',60),
('Public Speaking Seminar', 5,NULL,'2024-09-10','Seminar Hall B','Communication skills workshop',100),
('Debate Championship',     5,NULL,'2024-10-25','Auditorium',  'Inter-college debate',150),
('Startup Pitch Fest',      6, 8,'2024-10-08','Conference Hall','Student startup pitching',80),
('Innovation Summit',       6,NULL,'2024-11-20','Main Auditorium','Industry innovation talks',400),
('Music Night',             7,NULL,'2024-09-20','Open Amphitheater','Annual cultural music night',800),
('Battle of Bands',         7,NULL,'2024-10-30','Auditorium',  'Inter-college music competition',300),
('Sports Day',              8,NULL,'2024-08-25','Sports Ground','Annual athletics meet',600),
('Cricket Tournament',      8,NULL,'2024-09-05','Cricket Ground','Inter-dept cricket cup',200),
('Research Symposium',      9, 1,'2024-10-15','Seminar Hall C','UG research paper presentations',100),
('Science Fair',            9,NULL,'2024-11-08','Exhibition Hall','Science project display',300),
('Stargazing Night',       10,NULL,'2024-09-18','Rooftop',     'Telescope observation event',50),
('Astronomy Quiz',         10, 6,'2024-10-22','Lecture Hall 1','Space science quiz',80),
('Freshers Day',          NULL,NULL,'2024-08-05','Main Auditorium','Welcome event for new students',500),
('Farewell Ceremony',     NULL,NULL,'2024-04-20','Main Auditorium','Final year farewell',300),
('Alumni Meet',           NULL,NULL,'2024-12-15','Convention Center','Annual alumni gathering',400),
('Cultural Fest Kalai',   NULL,NULL,'2024-11-25','Campus Grounds','3-day annual cultural fest',2000),
('Technical Symposium',   NULL, 1,'2024-10-05','CS Block',    'Paper presentation event',250),
('Industrial Visit Seminar',NULL,3,'2024-09-12','Seminar Hall D','Industry expert talks',120),
('Women in Tech',           1, 1,'2024-09-25','Seminar Hall A','Female tech leaders panel',150),
('Open Source Day',         1,NULL,'2024-10-18','Lab Block',   'Open source contribution sprint',70),
('Career Guidance Session',NULL,NULL,'2024-11-01','Main Auditorium','Placement preparation workshop',400),
('Mental Health Awareness', NULL,NULL,'2024-10-10','Seminar Hall B','Student wellness program',200);

--  18. EVENT_REGISTRATIONS

CREATE TABLE event_registrations (
    reg_id            INT PRIMARY KEY AUTO_INCREMENT,
    event_id          INT NOT NULL,
    student_id        INT NOT NULL,
    registered_on     DATE NOT NULL DEFAULT (CURRENT_DATE),
    attendance_status VARCHAR(10) DEFAULT 'Registered' CHECK (attendance_status IN ('Registered','Attended','Absent')),
    UNIQUE (event_id, student_id),
    FOREIGN KEY (event_id)   REFERENCES events(event_id),
    FOREIGN KEY (student_id) REFERENCES students(student_id)
);

INSERT INTO event_registrations (event_id, student_id, registered_on, attendance_status) VALUES
(1,1,'2024-09-10','Attended'),(1,2,'2024-09-10','Attended'),(1,6,'2024-09-11','Attended'),
(1,11,'2024-09-11','Absent'),(1,18,'2024-09-12','Attended'),(1,21,'2024-09-12','Attended'),
(1,27,'2024-09-13','Attended'),(1,34,'2024-09-13','Absent'),(1,41,'2024-09-14','Attended'),
(1,57,'2024-09-14','Attended'),(2,1,'2024-10-15','Attended'),(2,2,'2024-10-15','Attended'),
(2,6,'2024-10-16','Registered'),(2,18,'2024-10-16','Attended'),(2,21,'2024-10-17','Attended'),
(3,3,'2024-09-18','Attended'),(3,7,'2024-09-18','Attended'),(3,14,'2024-09-19','Absent'),
(3,22,'2024-09-19','Attended'),(3,32,'2024-09-20','Attended'),(4,5,'2024-11-01','Registered'),
(4,15,'2024-11-01','Registered'),(4,19,'2024-11-02','Registered'),(4,29,'2024-11-02','Registered'),
(5,8,'2024-08-12','Attended'),(5,15,'2024-08-12','Attended'),(5,20,'2024-08-13','Attended'),
(5,30,'2024-08-13','Attended'),(5,40,'2024-08-14','Attended'),(5,50,'2024-08-14','Attended'),
(6,9,'2024-09-28','Attended'),(6,19,'2024-09-28','Attended'),(6,29,'2024-09-29','Attended'),
(6,39,'2024-09-29','Attended'),(6,49,'2024-09-30','Attended'),(7,10,'2024-09-25','Attended'),
(7,16,'2024-09-25','Attended'),(7,26,'2024-09-26','Attended'),(7,36,'2024-09-26','Absent'),
(7,46,'2024-09-27','Attended'),(9,4,'2024-09-07','Attended'),(9,13,'2024-09-07','Attended'),
(9,23,'2024-09-08','Attended'),(9,33,'2024-09-08','Absent'),(9,43,'2024-09-09','Attended'),
(10,4,'2024-10-22','Registered'),(10,13,'2024-10-22','Registered'),(10,48,'2024-10-23','Registered'),
(11,9,'2024-10-05','Attended'),(11,20,'2024-10-05','Attended'),(11,30,'2024-10-06','Attended'),
(11,40,'2024-10-06','Absent'),(11,50,'2024-10-07','Attended'),(15,5,'2024-08-22','Attended'),
(15,25,'2024-08-22','Attended'),(15,35,'2024-08-23','Attended'),(15,45,'2024-08-23','Attended'),
(15,55,'2024-08-24','Attended'),(16,7,'2024-09-02','Attended'),(16,17,'2024-09-02','Attended');

--  19. TRANSPORT

CREATE TABLE transport (
    transport_id    INT PRIMARY KEY AUTO_INCREMENT,
    route_name      VARCHAR(100) NOT NULL,
    vehicle_no      VARCHAR(20) UNIQUE,
    driver_name     VARCHAR(100),
    driver_phone    VARCHAR(15),
    capacity        INT,
    departure_time  TIME
);

INSERT INTO transport (route_name, vehicle_no, driver_name, driver_phone, capacity, departure_time) VALUES
('Route 1 - Tambaram',    'TN01AB1234', 'Murugan R',     '9944001001', 50, '07:30:00'),
('Route 2 - Velachery',   'TN01AB1235', 'Senthil K',     '9944001002', 50, '07:45:00'),
('Route 3 - Anna Nagar',  'TN01AB1236', 'Rajan P',       '9944001003', 45, '07:15:00'),
('Route 4 - Adyar',       'TN01AB1237', 'Selvam T',      '9944001004', 45, '07:30:00'),
('Route 5 - Chromepet',   'TN01AB1238', 'Kumar M',       '9944001005', 50, '07:00:00'),
('Route 6 - Porur',       'TN01AB1239', 'Prakash V',     '9944001006', 40, '07:20:00'),
('Route 7 - Sholinganallur','TN01AB1240','Dinesh B',     '9944001007', 50, '07:10:00'),
('Route 8 - Guindy',      'TN01AB1241', 'Arun S',        '9944001008', 45, '07:25:00'),
('Route 9 - Perambur',    'TN01AB1242', 'Vijayan C',     '9944001009', 40, '07:35:00'),
('Route 10 - Avadi',      'TN01AB1243', 'Govindan L',    '9944001010', 50, '06:50:00');

--  20. TRANSPORT_SUBSCRIPTIONS

CREATE TABLE transport_subscriptions (
    sub_id        INT PRIMARY KEY AUTO_INCREMENT,
    transport_id  INT NOT NULL,
    student_id    INT NOT NULL,
    stop_name     VARCHAR(100),
    subscribed_on DATE,
    status        VARCHAR(10) DEFAULT 'Active' CHECK (status IN ('Active','Inactive')),
    fee_per_month DECIMAL(7,2),
    FOREIGN KEY (transport_id) REFERENCES transport(transport_id),
    FOREIGN KEY (student_id)   REFERENCES students(student_id)
);

INSERT INTO transport_subscriptions (transport_id, student_id, stop_name, subscribed_on, status, fee_per_month) VALUES
(1,33,'Tambaram East','2024-07-10','Active',1200),
(1,43,'Tambaram Sanatorium','2024-07-10','Active',1200),
(1,53,'Selaiyur Stop','2024-07-11','Active',1200),
(2,4,'Velachery Signal','2024-07-10','Active',1300),
(2,14,'Taramani Stop','2024-07-10','Active',1300),
(2,24,'Perungudi Jn','2024-07-11','Active',1300),
(3,5,'Anna Nagar Tower','2024-07-10','Active',1400),
(3,15,'Arumbakkam Stop','2024-07-10','Active',1400),
(3,25,'Koyambedu Mkt','2024-07-11','Active',1400),
(4,7,'Adyar Depot','2024-07-10','Active',1350),
(4,17,'Thiruvanmiyur Stop','2024-07-10','Active',1350),
(4,27,'Besant Nagar Beach','2024-07-11','Active',1350),
(5,8,'Chromepet Mkt','2024-07-10','Active',1100),
(5,18,'Pallavaram Mkt','2024-07-10','Active',1100),
(5,28,'Pammal Stop','2024-07-11','Active',1100),
(6,9,'Porur Signal','2024-07-10','Active',1450),
(6,19,'Valasaravakkam Jn','2024-07-10','Active',1450),
(6,29,'Manapakkam Stop','2024-07-11','Active',1450),
(7,11,'Sholinganallur Signal','2024-07-10','Active',1500),
(7,21,'Perumbakkam Jn','2024-07-10','Active',1500),
(7,31,'Siruseri Stop','2024-07-11','Active',1500),
(8,12,'Guindy Estate','2024-07-10','Active',1250),
(8,22,'Ekkatuthangal Jn','2024-07-10','Active',1250),
(8,32,'Alandur Metro','2024-07-11','Active',1250),
(9,16,'Perambur Market','2024-07-10','Active',1350),
(9,26,'Kolathur Stop','2024-07-10','Active',1350),
(9,36,'Villivakkam Jn','2024-07-11','Active',1350),
(10,37,'Avadi Signal','2024-07-10','Active',1600),
(10,47,'Ambattur Estate','2024-07-10','Active',1600),
(10,57,'Pattabiram Stop','2024-07-11','Active',1600),
(1,38,'Mudichur Stop','2024-07-12','Active',1200),
(2,39,'Velachery Lake','2024-07-12','Active',1300),
(3,40,'Vadapalani Signal','2024-07-12','Active',1400),
(4,41,'Mylapore Stop','2024-07-12','Active',1350),
(5,42,'Airport Road Stop','2024-07-12','Active',1100),
(6,43,'Virugambakkam Jn','2024-07-12','Active',1450),
(7,44,'Navallur Stop','2024-07-12','Active',1500),
(8,45,'Saidapet Stop','2024-07-12','Active',1250),
(9,46,'Madhavaram Depot','2024-07-12','Active',1350),
(10,48,'Tiruvallur Bus Stand','2024-07-12','Active',1600),
(1,49,'Vandalur Zoo Stop','2024-07-13','Active',1200),
(2,50,'Medavakkam Stop','2024-07-13','Active',1300),
(3,51,'Arya Nagar Stop','2024-07-13','Active',1400),
(4,52,'Nandanam Stop','2024-07-13','Active',1350),
(5,53,'St Thomas Mount','2024-07-13','Active',1100),
(6,54,'Mugalivakkam Jn','2024-07-13','Active',1450),
(7,55,'Kelambakkam Hub','2024-07-13','Active',1500),
(8,56,'St Marys Road','2024-07-13','Inactive',1250);

--  21. STAFF

CREATE TABLE staff (
    staff_id     INT PRIMARY KEY AUTO_INCREMENT,
    name         VARCHAR(100) NOT NULL,
    dept_id      INT,
    role         VARCHAR(50),
    email        VARCHAR(100) UNIQUE,
    phone        VARCHAR(15),
    joining_date DATE,
    salary       DECIMAL(10,2),
    shift        VARCHAR(10) CHECK (shift IN ('Morning','Evening','Night')),
    FOREIGN KEY (dept_id) REFERENCES departments(dept_id)
);

INSERT INTO staff (name, dept_id, role, email, phone, joining_date, salary, shift) VALUES
('Balan Raj',             1, 'Lab Technician',   'balan.raj@uni.edu',         '9876501001','2015-06-01',32000,'Morning'),
('Chitra Devi',           2, 'Lab Technician',   'chitra.devi@uni.edu',       '9876501002','2016-07-10',32000,'Morning'),
('Dhamu Arasan',          3, 'Workshop Asst',    'dhamu.a@uni.edu',           '9876501003','2014-08-15',30000,'Morning'),
('Eswari Kumari',         4, 'Lab Asst',         'eswari.k@uni.edu',          '9876501004','2017-06-01',30000,'Morning'),
('Farida Banu',           5, 'Asst Librarian',   'farida.b@uni.edu',          '9876501005','2013-07-20',35000,'Morning'),
('Gopal Rajan',        NULL, 'Security',         'gopal.r@uni.edu',           '9876501006','2010-01-01',25000,'Night'),
('Hemalatha R',        NULL, 'Admin Officer',    'hemalatha.r@uni.edu',       '9876501007','2012-06-15',45000,'Morning'),
('Ibrahim Khan',       NULL, 'Security',         'ibrahim.k@uni.edu',         '9876501008','2011-03-10',25000,'Evening'),
('Jayanthi S',            8, 'Admin Asst',       'jayanthi.s@uni.edu',        '9876501009','2018-07-01',32000,'Morning'),
('Kalaiselvi M',       NULL, 'Canteen Staff',    'kalai.m@uni.edu',           '9876501010','2019-06-01',22000,'Morning'),
('Loganathan P',          1, 'System Admin',     'loganathan.p@uni.edu',      '9876501011','2016-08-15',42000,'Morning'),
('Meenakshi T',        NULL, 'Receptionist',     'meenakshi.t@uni.edu',       '9876501012','2020-07-10',28000,'Morning'),
('Nataraj K',             3, 'Workshop Asst',    'nataraj.k@uni.edu',         '9876501013','2015-01-05',30000,'Morning'),
('Omana Krishnan',        9, 'Lab Technician',   'omana.k@uni.edu',           '9876501014','2017-06-20',32000,'Morning'),
('Palani Swamy',       NULL, 'Gardener',         'palani.s@uni.edu',          '9876501015','2008-03-01',20000,'Morning'),
('Rajalakshmi V',        10, 'Lab Technician',   'rajalakshmi.v@uni.edu',     '9876501016','2019-07-01',32000,'Morning'),
('Saravanan B',        NULL, 'Driver',           'saravanan.b@uni.edu',       '9876501017','2012-05-10',28000,'Morning'),
('Thangam P',          NULL, 'Housekeeping',     'thangam.p@uni.edu',         '9876501018','2013-08-01',20000,'Morning'),
('Usha Rani',             6, 'Lab Asst',         'usha.rani@uni.edu',         '9876501019','2018-06-15',30000,'Morning'),
('Vasantha Kumar',        7, 'Lab Asst',         'vasantha.k@uni.edu',        '9876501020','2016-07-20',30000,'Morning'),
('Arumugam S',         NULL, 'Security',         'arumugam.s@uni.edu',        '9876501021','2009-01-10',25000,'Night'),
('Bhagavathy L',       NULL, 'Canteen Staff',    'bhagavathy.l@uni.edu',      '9876501022','2021-06-01',22000,'Morning'),
('Chelladurai M',         1, 'Network Admin',    'chelladurai.m@uni.edu',     '9876501023','2018-08-01',40000,'Morning'),
('Dhanam R',           NULL, 'Housekeeping',     'dhanam.r@uni.edu',          '9876501024','2014-01-15',20000,'Evening'),
('Elangovan K',           2, 'System Admin',     'elangovan.k@uni.edu',       '9876501025','2020-07-10',40000,'Morning'),
('Fathima N',          NULL, 'Receptionist',     'fathima.n@uni.edu',         '9876501026','2022-06-01',28000,'Morning'),
('Gajendran T',        NULL, 'Security',         'gajendran.t@uni.edu',       '9876501027','2010-05-15',25000,'Evening'),
('Hameed A',           NULL, 'Driver',           'hameed.a@uni.edu',          '9876501028','2015-03-01',28000,'Morning'),
('Indrani P',             8, 'Office Asst',      'indrani.p@uni.edu',         '9876501029','2019-08-01',30000,'Morning'),
('Jaisankar V',          10, 'System Admin',     'jaisankar.v@uni.edu',       '9876501030','2021-07-15',40000,'Morning'),
('Kanimozhi R',        NULL, 'Canteen Staff',    'kanimozhi.r@uni.edu',       '9876501031','2020-01-10',22000,'Morning'),
('Lakshmipathy N',        4, 'Lab Asst',         'lakshmipathy.n@uni.edu',    '9876501032','2017-08-20',30000,'Morning'),
('Murugesan C',        NULL, 'Gardener',         'murugesan.c@uni.edu',       '9876501033','2011-04-01',20000,'Morning'),
('Nagalakshmi S',      NULL, 'Housekeeping',     'nagalakshmi.s@uni.edu',     '9876501034','2016-02-15',20000,'Morning'),
('Olikkarai P',           5, 'Library Asst',     'olikkarai.p@uni.edu',       '9876501035','2018-09-01',33000,'Morning'),
('Pon Selvan',         NULL, 'Security',         'ponselvan@uni.edu',          '9876501036','2013-11-01',25000,'Night'),
('Radhakrishnan B',       1, 'Lab Technician',   'radhakrishnan.b@uni.edu',   '9876501037','2014-06-15',32000,'Morning'),
('Selvarani T',        NULL, 'Admin Officer',    'selvarani.t@uni.edu',       '9876501038','2016-07-01',45000,'Morning'),
('Thilaga M',             9, 'Lab Asst',         'thilaga.m@uni.edu',         '9876501039','2020-08-10',30000,'Morning'),
('Uma Shankar',        NULL, 'Driver',           'uma.shankar@uni.edu',       '9876501040','2017-05-01',28000,'Morning'),
('Valliyammai K',         6, 'Lab Technician',   'valliyammai.k@uni.edu',     '9876501041','2019-06-20',32000,'Morning'),
('Wenslin J',          NULL, 'Electrician',      'wenslin.j@uni.edu',         '9876501042','2015-09-01',30000,'Morning'),
('Xavier A',           NULL, 'Plumber',          'xavier.a@uni.edu',          '9876501043','2016-10-15',28000,'Morning'),
('Yesudas P',             7, 'Lab Technician',   'yesudas.p@uni.edu',         '9876501044','2018-07-01',32000,'Morning'),
('Zarina B',           NULL, 'Receptionist',     'zarina.b@uni.edu',          '9876501045','2022-08-01',28000,'Morning'),
('Annadurai M',        NULL, 'Security',         'annadurai.m@uni.edu',       '9876501046','2010-12-01',25000,'Evening'),
('Balamurali K',          2, 'Lab Asst',         'balamurali.k@uni.edu',      '9876501047','2021-07-01',30000,'Morning'),
('Chinnasamy R',       NULL, 'Housekeeping',     'chinnasamy.r@uni.edu',      '9876501048','2014-03-15',20000,'Morning'),
('Dharmaraj V',           3, 'Lab Technician',   'dharmaraj.v@uni.edu',       '9876501049','2019-09-01',32000,'Morning'),
('Ezhumalai P',        NULL, 'Canteen Mgr',      'ezhumalai.p@uni.edu',       '9876501050','2012-06-01',35000,'Morning'),
('Gomathi N',          NULL, 'Nurse',            'gomathi.n@uni.edu',          '9876501051','2016-08-01',38000,'Morning'),
('Haribabu S',         NULL, 'Doctor',           'haribabu.s@uni.edu',         '9876501052','2015-07-01',65000,'Morning'),
('Isakkimuthu C',      NULL, 'Security',         'isakkimuthu.c@uni.edu',      '9876501053','2011-02-15',25000,'Night'),
('Jothimani K',        NULL, 'Accountant',       'jothimani.k@uni.edu',        '9876501054','2018-06-01',48000,'Morning'),
('Kamakshi D',         NULL, 'Nurse',            'kamakshi.d@uni.edu',          '9876501055','2020-09-01',38000,'Morning'),
('Lingam T',           NULL, 'Electrician',      'lingam.t@uni.edu',            '9876501056','2017-04-01',30000,'Morning'),
('Malliga R',          NULL, 'Housekeeping',     'malliga.r@uni.edu',           '9876501057','2013-07-15',20000,'Morning'),
('Nagan K',            NULL, 'Driver',           'nagan.k@uni.edu',             '9876501058','2016-11-01',28000,'Morning'),
('Parimala S',         NULL, 'Admin Officer',    'parimala.s@uni.edu',          '9876501059','2014-08-01',45000,'Morning'),
('Rajkumar V',         NULL, 'Security',         'rajkumar.v@uni.edu',          '9876501060','2009-06-15',25000,'Evening');

--  22. PLACEMENTS

CREATE TABLE placements (
    placement_id INT PRIMARY KEY AUTO_INCREMENT,
    student_id   INT NOT NULL,
    company_name VARCHAR(100) NOT NULL,
    package_lpa  DECIMAL(6,2),
    role         VARCHAR(100),
    offer_date   DATE,
    joining_date DATE,
    status       VARCHAR(15) DEFAULT 'Offered' CHECK (status IN ('Offered','Joined','Declined')),
    FOREIGN KEY (student_id) REFERENCES students(student_id)
);

INSERT INTO placements (student_id, company_name, package_lpa, role, offer_date, joining_date, status) VALUES
(4, 'TCS',             7.50, 'Software Engineer',        '2024-10-15','2025-07-01','Offered'),
(18,'Wipro',           8.00, 'Tech Analyst',             '2024-10-16','2025-07-01','Offered'),
(14,'Infosys',         7.00, 'Systems Engineer',         '2024-10-17','2025-07-01','Joined'),
(41,'Amazon',         18.00, 'SDE-1',                    '2024-10-18','2025-07-15','Offered'),
(28,'L&T',             9.00, 'Civil Engineer',           '2024-10-19','2025-06-01','Joined'),
(37,'Deloitte',       11.00, 'Business Analyst',         '2024-10-20','2025-07-01','Offered'),
(32,'Siemens',        10.50, 'Electronics Engineer',     '2024-10-21','2025-07-01','Offered'),
(51,'ISRO',            8.50, 'Scientist-C',              '2024-10-22','2025-08-01','Offered'),
(55,'NIT Trichy',      7.00, 'Lecturer',                 '2024-10-23','2025-06-15','Joined'),
(59,'Cisco',          14.00, 'Network Engineer',         '2024-10-24','2025-07-01','Offered'),
(18,'HCL',             7.50, 'Developer',                '2024-10-26','2025-07-01','Offered'),
(41,'Flipkart',       16.00, 'SDE-1',                    '2024-10-27','2025-07-15','Offered'),
(14,'CTS',             8.00, 'Analyst',                  '2024-10-28','2025-07-01','Offered'),
(37,'KPMG',           12.00, 'Consultant',               '2024-10-29','2025-07-01','Joined'),
(24,'Biocon',          7.50, 'Research Associate',       '2024-10-30','2025-07-01','Offered'),
(46,'Cipla',           8.00, 'Biotech Analyst',          '2024-10-31','2025-07-01','Offered'),
(28,'DLF',             9.50, 'Site Engineer',            '2024-11-01','2025-06-01','Offered'),
(32,'ABB',            11.00, 'Engineer',                 '2024-11-02','2025-07-01','Joined'),
(57,'Google',         22.00, 'SDE-1',                    '2024-11-03','2025-08-01','Offered'),
(2, 'Microsoft',      20.00, 'SDE-1',                    '2024-11-04','2025-08-01','Offered'),
(6, 'Zoho',           10.00, 'Software Developer',       '2024-11-05','2025-07-01','Offered'),
(13,'Goldman Sachs',  18.00, 'Analyst',                  '2024-11-06','2025-07-15','Offered'),
(34,'Morgan Stanley', 16.00, 'Quant Analyst',            '2024-11-07','2025-07-15','Offered'),
(45,'Samsung',        12.00, 'R&D Engineer',             '2024-11-08','2025-07-01','Offered'),
(9, 'Juspay',         15.00, 'Backend Developer',        '2024-11-09','2025-07-01','Offered'),
(20,'Freshworks',     12.00, 'SDE-1',                    '2024-11-10','2025-07-01','Offered'),
(30,'Chargebee',      14.00, 'Product Engineer',         '2024-11-11','2025-07-01','Offered'),
(50,'PayTm',          11.00, 'Full Stack Developer',     '2024-11-12','2025-07-01','Offered'),
(60,'Jio',             8.50, 'Network Planner',          '2024-11-13','2025-07-01','Offered'),
(1, 'KPIT',            9.00, 'Embedded Engineer',        '2024-11-14','2025-07-01','Offered'),
(7, 'Texas Instruments',13.00,'VLSI Engineer',           '2024-11-15','2025-07-01','Offered'),
(22,'Qualcomm',       16.00, 'RF Engineer',              '2024-11-16','2025-07-15','Offered'),
(52,'Bosch',          10.00, 'Automotive Engineer',      '2024-11-17','2025-07-01','Offered'),
(33,'Caterpillar',    11.00, 'Mechanical Engineer',      '2024-11-18','2025-07-01','Offered'),
(5, 'Cummins',        10.50, 'Thermal Engineer',         '2024-11-19','2025-07-01','Offered'),
(25,'L&T Construction', 9.00,'Site Engineer',            '2024-11-20','2025-06-01','Offered'),
(19,'AECOM',          10.00, 'Civil Engineer',           '2024-11-21','2025-06-01','Offered'),
(39,'STUP',            8.50, 'Structural Engineer',      '2024-11-22','2025-06-01','Offered'),
(35,'IIT Madras',      7.00, 'JRF Researcher',           '2024-11-23','2025-06-15','Offered'),
(23,'TISS',            7.50, 'Research Assistant',       '2024-11-24','2025-06-15','Offered'),
(43,'RBI',            14.00, 'Grade B Officer',          '2024-11-25','2025-08-01','Offered'),
(48,'HDFC Bank',       9.00, 'Branch Manager Trainee',   '2024-11-26','2025-07-01','Offered'),
(58,'YES Bank',        8.50, 'Relationship Manager',     '2024-11-27','2025-07-01','Offered'),
(26,'PhonePe',        15.00, 'Product Manager',          '2024-11-28','2025-07-15','Offered'),
(40,'Airtel',         10.00, 'IT Engineer',              '2024-11-29','2025-07-01','Offered'),
(10,'Accenture',      11.00, 'Strategy Consultant',      '2024-11-30','2025-07-01','Offered'),
(47,'Wipro',           7.50, 'Software Engineer',        '2024-12-01','2025-07-01','Offered'),
(56,'Nvidia',         18.00, 'Deep Learning Engineer',   '2024-12-02','2025-08-01','Offered'),
(11,'Razorpay',       14.00, 'Backend Developer',        '2024-12-03','2025-07-01','Offered'),
(3, 'Crompton',        9.50, 'Electronics Engineer',     '2024-12-04','2025-07-01','Offered'),
(42,'Bharat Forge',   10.00, 'Automotive Engineer',      '2024-12-05','2025-07-01','Offered'),
(54,'JCB India',       9.50, 'Mechanical Engineer',      '2024-12-06','2025-07-01','Offered'),
(29,'RITES',           9.00, 'Civil Engineer',           '2024-12-07','2025-06-01','Offered'),
(8, 'NHAI',            8.50, 'Site Engineer',            '2024-12-08','2025-06-01','Offered'),
(36,'Syngene',         9.00, 'Research Executive',       '2024-12-09','2025-07-01','Offered'),
(12,'AstraZeneca',    11.00, 'Biotech Analyst',          '2024-12-10','2025-07-01','Offered'),
(21,'Infosys BPM',     8.00, 'Process Analyst',          '2024-12-11','2025-07-01','Offered'),
(49,'Grundfos',        9.50, 'Hydraulics Engineer',      '2024-12-12','2025-07-01','Offered'),
(15,'TVS Motor',      10.00, 'R&D Engineer',             '2024-12-13','2025-07-01','Offered'),
(16,'Cognizant',       9.00, 'Associate',                '2024-12-14','2025-07-01','Offered');

--  23. COMPLAINTS

CREATE TABLE complaints (
    complaint_id INT PRIMARY KEY AUTO_INCREMENT,
    student_id   INT NOT NULL,
    category     VARCHAR(50),
    description  VARCHAR(500),
    filed_on     DATE NOT NULL DEFAULT (CURRENT_DATE),
    status       VARCHAR(15) DEFAULT 'Open' CHECK (status IN ('Open','In Progress','Resolved')),
    resolved_on  DATE,
    resolved_by  INT,
    FOREIGN KEY (student_id)  REFERENCES students(student_id),
    FOREIGN KEY (resolved_by) REFERENCES staff(staff_id)
);

INSERT INTO complaints (student_id, category, description, filed_on, status, resolved_on, resolved_by) VALUES
(3, 'Hostel',   'Water supply issue in Block C room 104',        '2024-08-05','Resolved',  '2024-08-07',4),
(5, 'Academic', 'Exam timetable clash for ME201 and MA201',      '2024-08-10','Resolved',  '2024-08-12',7),
(8, 'Fees',     'Paid tuition fee not updated in portal',        '2024-08-15','Resolved',  '2024-08-16',9),
(11,'Transport','Bus Route 1 frequently late',                   '2024-08-18','In Progress',NULL,6),
(14,'Academic', 'Grade not updated after re-evaluation',         '2024-08-20','Resolved',  '2024-08-25',7),
(17,'Hostel',   'Room cleanliness issue in Block E',             '2024-08-22','In Progress',NULL,4),
(20,'Library',  'Fine charged despite returning book on time',   '2024-08-25','Resolved',  '2024-08-27',5),
(22,'Fees',     'Double payment deducted for exam fee',          '2024-09-01','Resolved',  '2024-09-03',9),
(25,'Academic', 'Wrong marks entered for CS201 Internal exam',   '2024-09-05','Resolved',  '2024-09-07',7),
(29,'Transport','Bus Route 9 skipping student stop',             '2024-09-08','Open',       NULL,NULL),
(33,'Hostel',   'Electricity failure in Block G room',           '2024-09-10','Resolved',  '2024-09-11',42),
(37,'Academic', 'Attendance not marked for 5 classes',           '2024-09-12','In Progress',NULL,7),
(40,'Library',  'Reserved book not available at counter',        '2024-09-15','Resolved',  '2024-09-17',5),
(43,'Fees',     'Scholarship amount not credited to account',    '2024-09-18','In Progress',NULL,9),
(47,'Hostel',   'Wi-Fi not working in Block D room 103',         '2024-09-20','Resolved',  '2024-09-21',11),
(50,'Transport','AC not working in Route 10 bus',                '2024-09-22','Open',       NULL,NULL),
(53,'Academic', 'Faculty absent for 3 consecutive classes',      '2024-09-25','In Progress',NULL,7),
(57,'Fees',     'Late fee charged without prior notice',         '2024-09-28','Resolved',  '2024-09-30',9),
(2, 'Library',  'Damaged book fine incorrectly charged',         '2024-10-02','Open',       NULL,NULL),
(6, 'Hostel',   'Mattress replacement needed in Block A',        '2024-10-05','Resolved',  '2024-10-07',4),
(9, 'Academic', 'Wrong course registered in student portal',     '2024-10-08','Resolved',  '2024-10-09',7),
(13,'Transport','Driver rash driving on Route 2',                 '2024-10-10','In Progress',NULL,6),
(15,'Fees',     'Hostel fee receipt not generated in system',    '2024-10-12','Resolved',  '2024-10-13',9),
(19,'Library',  'Book marked returned but not physically given', '2024-10-15','Open',       NULL,NULL),
(21,'Hostel',   'Roommate conflict in Block D room 101',         '2024-10-17','In Progress',NULL,4),
(24,'Academic', 'Lab equipment not available for BT501',         '2024-10-19','Resolved',  '2024-10-22',7),
(27,'Transport','Bus timing changed without student notification','2024-10-21','Resolved', '2024-10-23',6),
(30,'Fees',     'Payment portal error during fee submission',    '2024-10-24','Resolved',  '2024-10-25',9),
(34,'Academic', 'Project marks not updated in portal',           '2024-10-26','In Progress',NULL,7),
(36,'Library',  'ISBN mismatch in issued book record',           '2024-10-28','Open',       NULL,NULL),
(38,'Hostel',   'Pest control required in Block H',              '2024-10-30','Resolved',  '2024-11-01',4),
(41,'Academic', 'Internship credit not reflected in CGPA',       '2024-11-02','In Progress',NULL,7),
(44,'Transport','Wrong stop assigned in bus subscription',       '2024-11-04','Resolved',  '2024-11-05',6),
(46,'Fees',     'Scholarship deduction not showing in bill',     '2024-11-06','Open',       NULL,NULL),
(48,'Library',  'Due date not visible in student portal',        '2024-11-08','Resolved',  '2024-11-09',5),
(52,'Hostel',   'Water heater not working in Block F',           '2024-11-10','In Progress',NULL,4),
(54,'Academic', 'Supplementary exam date not communicated',      '2024-11-12','Resolved',  '2024-11-14',7),
(56,'Transport','Route 8 bus severely overcrowded',              '2024-11-14','Open',       NULL,NULL),
(58,'Fees',     'Extra amount deducted from bank account',       '2024-11-16','Resolved',  '2024-11-17',9),
(60,'Library',  'Cannot login to e-library portal',              '2024-11-18','In Progress',NULL,5),
(1, 'Hostel',   'Noise disturbance from neighbors in Block A',   '2024-11-20','Open',       NULL,NULL),
(4, 'Academic', 'Grade appeal submitted for CS302',              '2024-11-21','In Progress',NULL,7),
(7, 'Transport','Bus not arriving on schedule Route 2',           '2024-11-22','Resolved',  '2024-11-23',6),
(10,'Fees',     'Duplicate fee challan generated in system',     '2024-11-24','Resolved',  '2024-11-25',9),
(12,'Library',  'Book reservation system not responding',        '2024-11-25','Open',       NULL,NULL),
(16,'Hostel',   'Dining hall food quality is poor',              '2024-11-26','In Progress',NULL,4),
(18,'Academic', 'Online exam portal crashed during test',        '2024-11-27','Resolved',  '2024-11-28',11),
(23,'Transport','Monthly bus pass not activated',                 '2024-11-28','Resolved',  '2024-11-29',6),
(26,'Fees',     'GST invoice not provided after payment',        '2024-11-29','Open',       NULL,NULL),
(28,'Library',  'Book renewal blocked despite no waiting queue', '2024-11-30','Resolved',  '2024-12-01',5),
(31,'Hostel',   'Hot water not available in Block G bathroom',   '2024-12-01','In Progress',NULL,4),
(35,'Academic', 'Practical exam marks not updated',              '2024-12-02','Open',       NULL,NULL),
(39,'Transport','Bus route diverted without prior notice',        '2024-12-03','Resolved',  '2024-12-04',6),
(42,'Fees',     'SC category fee concession not applied',        '2024-12-04','In Progress',NULL,9),
(45,'Library',  'Book borrowing limit exceeded error on portal', '2024-12-05','Resolved',  '2024-12-06',5),
(49,'Hostel',   'Broken door lock in Block E room 103',          '2024-12-06','Resolved',  '2024-12-07',4),
(51,'Academic', 'Semester result publication delayed',           '2024-12-07','Open',       NULL,NULL),
(55,'Transport','Wrong fare amount charged for route',           '2024-12-08','Resolved',  '2024-12-09',6),
(59,'Fees',     'Bank transfer not linked to student account',   '2024-12-09','In Progress',NULL,9),
(32,'Library',  'Book issued in very poor physical condition',   '2024-12-10','Open',       NULL,NULL),
(17,'Academic', 'Semester grade card not generated',             '2024-12-11','In Progress',NULL,7);
